<?xml version = '1.0' encoding = 'UTF-8'?>
<ExtendedMap class="oracle.dbtools.crest.model.xtdmapping.ExtendedMap">
<mappings itemClass="oracle.dbtools.crest.model.xtdmapping.XtdMapping">
<Mapping id="7D647FC9-6ABAE0E54E07FB35D156-7204EDD54575" delID="7D647FC9-5B10-D085-206D-6ABAE0E54E07" oCont="C0661CB5-16D1-DB05-F718-03401C5C2BF8" oDP="404B860F-2B10-C5E7-00D9-9C0186640D1C" oID="7D647FC9-5B10-D085-206D-6ABAE0E54E07" tCont="94EE4BAD-000D-A5C2-97E9-B9C4ED486B9A" tDP="BC0D4CD3-FBCA-AC4C-DBB2-0F5A99E6A580" tID="FB35D156-0717-BD5E-50DF-7204EDD54575">
</Mapping>
<Mapping id="B033B2EB-30037B4ECA9B2B2226F9-6709ADBA2B58" delID="B033B2EB-E2EF-9E08-EA57-30037B4ECA9B" oCont="C0661CB5-16D1-DB05-F718-03401C5C2BF8" oDP="404B860F-2B10-C5E7-00D9-9C0186640D1C" oID="B033B2EB-E2EF-9E08-EA57-30037B4ECA9B" tCont="94EE4BAD-000D-A5C2-97E9-B9C4ED486B9A" tDP="BC0D4CD3-FBCA-AC4C-DBB2-0F5A99E6A580" tID="2B2226F9-5FCA-637E-F3C7-6709ADBA2B58">
</Mapping>
<Mapping id="D4282EEF-AD32158C4DF5D0F2484B-E7B15CA2E8F1" delID="D4282EEF-C62C-F65B-26F0-AD32158C4DF5" oCont="C0661CB5-16D1-DB05-F718-03401C5C2BF8" oDP="404B860F-2B10-C5E7-00D9-9C0186640D1C" oID="D4282EEF-C62C-F65B-26F0-AD32158C4DF5" tCont="94EE4BAD-000D-A5C2-97E9-B9C4ED486B9A" tDP="BC0D4CD3-FBCA-AC4C-DBB2-0F5A99E6A580" tID="D0F2484B-8C8E-EBC6-CB31-E7B15CA2E8F1">
</Mapping>
</mappings>
</ExtendedMap>