<?xml version = '1.0' encoding = 'UTF-8'?>
<Diagram class="oracle.dbtools.crest.swingui.logical.DPVLogical" name="Logical" id="80F7E633-030D-0BCF-ED2A-1A6B7AFF0E5A">
<createdBy>mimi</createdBy>
<modifiedBy>mimi</modifiedBy>
<createdTime>2024-10-12 03:57:44 UTC</createdTime>
<autoRoute>false</autoRoute>
<boxInbox>true</boxInbox>
<showLegend>false</showLegend>
<showLabels>false</showLabels>
<showRelAttributes>false</showRelAttributes>
<gridEnabled>false</gridEnabled>
<showGrid>false</showGrid>
<diagramColor>-1</diagramColor>
<display>false</display>
<notation>1</notation>
<objectViews>
<OView class="oracle.dbtools.crest.swingui.logical.TVEntity" oid="01E4E4A0-8AF9-DFA6-705B-8EE23233246F" otype="Entity" vid="BEA8F67A-0C1C-C788-F1EF-92DADA48C27D">
<hideElementsInCurrentOnly>false</hideElementsInCurrentOnly>
<bounds x="1588" y="548" width="221" height="97"/>
</OView>
<OView class="oracle.dbtools.crest.swingui.logical.TVEntity" oid="029E5207-DB17-FB7F-1E55-B0EF9807F4BD" otype="Entity" vid="B3E16EEC-EF8B-E79B-ABC6-4103A40EE834">
<hideElementsInCurrentOnly>false</hideElementsInCurrentOnly>
<bounds x="1219" y="246" width="225" height="97"/>
</OView>
<OView class="oracle.dbtools.crest.swingui.logical.TVEntity" oid="1DE593F6-1433-6327-1CD0-A5DBD9D9C9F6" otype="Entity" vid="2209DD5C-7030-3DB2-BBF9-54FC1386A9E7">
<hideElementsInCurrentOnly>false</hideElementsInCurrentOnly>
<bounds x="803" y="225" width="276" height="250"/>
</OView>
<OView class="oracle.dbtools.crest.swingui.logical.TVEntity" oid="4C91918F-0DFF-0460-2A98-B52348F5F394" otype="Entity" vid="5610DE33-1D39-2B9F-CF3E-F5608F01FB78">
<hideElementsInCurrentOnly>false</hideElementsInCurrentOnly>
<bounds x="1518" y="246" width="276" height="231"/>
</OView>
<OView class="oracle.dbtools.crest.swingui.logical.TVEntity" oid="50966CD8-7249-00AB-0A7F-9A21C27181BD" otype="Entity" vid="C0455E4E-5738-B616-D804-6645BEA3C495">
<hideElementsInCurrentOnly>false</hideElementsInCurrentOnly>
<bounds x="1255" y="111" width="224" height="88"/>
</OView>
<OView class="oracle.dbtools.crest.swingui.logical.TVEntity" oid="7E665DCE-9CAC-5C0E-ABE5-8C3DC8DBF63B" otype="Entity" vid="AF16FA4D-6774-10E0-602C-D118E468A115">
<hideElementsInCurrentOnly>false</hideElementsInCurrentOnly>
<bounds x="3" y="30" width="260" height="123"/>
</OView>
<OView class="oracle.dbtools.crest.swingui.logical.TVEntity" oid="84D3B81B-4D60-5B87-1C30-0DD23F72C3AF" otype="Entity" vid="F58EE3EC-968C-80A6-33E2-487232ACDC52">
<hideElementsInCurrentOnly>false</hideElementsInCurrentOnly>
<bounds x="1347" y="701" width="356" height="157"/>
</OView>
<OView class="oracle.dbtools.crest.swingui.logical.TVEntity" oid="8BCC2222-A647-A09E-E2BD-62367EBEB841" otype="Entity" vid="0CB46B88-4E86-8645-E79C-C1090E03F68A">
<hideElementsInCurrentOnly>false</hideElementsInCurrentOnly>
<bounds x="791" y="0" width="446" height="182"/>
</OView>
<OView class="oracle.dbtools.crest.swingui.logical.TVEntity" oid="962EA3FB-76B7-8904-8C23-A5ADEF920641" otype="Entity" vid="CDE74150-A703-D1D6-D5E3-B38745FDC0A1">
<hideElementsInCurrentOnly>false</hideElementsInCurrentOnly>
<bounds x="962" y="694" width="312" height="166"/>
</OView>
<OView class="oracle.dbtools.crest.swingui.logical.TVEntity" oid="96A91797-6B8F-E055-1C8F-E1F5641FCCBA" otype="Entity" vid="106E93D8-A1B1-BBA6-E8E3-8AFA3476D7C0">
<hideElementsInCurrentOnly>false</hideElementsInCurrentOnly>
<bounds x="1515" y="77" width="330" height="129"/>
</OView>
<OView class="oracle.dbtools.crest.swingui.logical.TVEntity" oid="A28CE251-A5D7-B8AC-D40A-717B780D682A" otype="Entity" vid="BCC02631-7E5B-2669-21D7-534E6E4F9CC3">
<hideElementsInCurrentOnly>false</hideElementsInCurrentOnly>
<bounds x="483" y="3" width="264" height="77"/>
</OView>
<OView class="oracle.dbtools.crest.swingui.logical.TVEntity" oid="A3B3FCDD-DFE0-9381-54A2-FBDB0B41E9EC" otype="Entity" vid="9680420F-D41A-18D2-72DA-A3CBA18E6DBD">
<hideElementsInCurrentOnly>false</hideElementsInCurrentOnly>
<bounds x="0" y="520" width="267" height="132"/>
</OView>
<OView class="oracle.dbtools.crest.swingui.logical.TVEntity" oid="A417E503-6893-275F-8499-9E147259343F" otype="Entity" vid="F1726D85-322B-FB0E-EC89-8D80B53873C4">
<hideElementsInCurrentOnly>false</hideElementsInCurrentOnly>
<bounds x="1277" y="7" width="230" height="87"/>
</OView>
<OView class="oracle.dbtools.crest.swingui.logical.TVEntity" oid="BBA63A2C-CA75-8FCE-E925-176A052009F1" otype="Entity" vid="31A2B6D0-E46F-5B1B-9CF4-7A0AA9F91D18">
<hideElementsInCurrentOnly>false</hideElementsInCurrentOnly>
<bounds x="0" y="654" width="369" height="215"/>
</OView>
<OView class="oracle.dbtools.crest.swingui.logical.TVEntity" oid="C0661CB5-16D1-DB05-F718-03401C5C2BF8" otype="Entity" vid="87493476-9ED3-6348-106E-FEB326380CB1">
<hideElementsInCurrentOnly>false</hideElementsInCurrentOnly>
<bounds x="318" y="114" width="427" height="477"/>
</OView>
<OView class="oracle.dbtools.crest.swingui.logical.TVEntity" oid="C4FF8317-129C-FE17-5E90-D460472C0B62" otype="Entity" vid="C0F1C889-6931-072A-2CEF-13621D722D7B">
<hideElementsInCurrentOnly>false</hideElementsInCurrentOnly>
<bounds x="1187" y="516" width="346" height="153"/>
</OView>
<OView class="oracle.dbtools.crest.swingui.logical.TVEntity" oid="C501541B-61DB-188C-C152-480183173CFE" otype="Entity" vid="E54C304D-E952-3F42-D034-B995EFE6D100">
<hideElementsInCurrentOnly>false</hideElementsInCurrentOnly>
<bounds x="3" y="334" width="272" height="184"/>
</OView>
<OView class="oracle.dbtools.crest.swingui.logical.TVEntity" oid="C7A1A0BB-AECF-0881-6BF7-F990D7D3A11A" otype="Entity" vid="1F704ED9-10FC-93D0-138D-817A1F9B1FDA">
<hideElementsInCurrentOnly>false</hideElementsInCurrentOnly>
<bounds x="371" y="620" width="244" height="143"/>
</OView>
<OView class="oracle.dbtools.crest.swingui.logical.TVEntity" oid="D1C09AB1-B241-456B-F236-DD725A7D428F" otype="Entity" vid="7F0B55D4-58AE-6D23-5440-C5BA6CD33323">
<hideElementsInCurrentOnly>false</hideElementsInCurrentOnly>
<bounds x="5" y="202" width="236" height="116"/>
</OView>
<OView class="oracle.dbtools.crest.swingui.logical.TVEntity" oid="FACB3998-EB4D-71DF-0F0D-D46C229EB1A7" otype="Entity" vid="C887DE08-A036-BCA5-4A55-6C0E8714E3C0">
<hideElementsInCurrentOnly>false</hideElementsInCurrentOnly>
<bounds x="615" y="658" width="310" height="181"/>
</OView>
<OView class="oracle.dbtools.crest.swingui.logical.TVEntity" oid="FAD4A2D9-1D62-492A-2B5A-845BC17D2ECD" otype="Entity" vid="46CCB634-8E51-8A0B-1C20-848124CB7919">
<hideElementsInCurrentOnly>false</hideElementsInCurrentOnly>
<bounds x="878" y="511" width="258" height="119"/>
</OView>
</objectViews>
<connectors>
<Connector class="oracle.dbtools.crest.swingui.logical.TVRelation" oid="0AD82865-DC29-F82A-1B32-2D81E60E860D" otype="Relation" vid_source="87493476-9ED3-6348-106E-FEB326380CB1" vid_target="9680420F-D41A-18D2-72DA-A3CBA18E6DBD">
<hideElementsInCurrentOnly>false</hideElementsInCurrentOnly>
<backgroundColor>-16777216</backgroundColor>
<lineWidth>1</lineWidth>
<points>
<point x="318" y="555"/>
<point x="267" y="555"/>
</points>
</Connector>
<Connector class="oracle.dbtools.crest.swingui.logical.TVRelation" oid="0FDC4F20-47EB-B05E-CA2C-31E570BAC6EE" otype="Relation" vid_source="2209DD5C-7030-3DB2-BBF9-54FC1386A9E7" vid_target="5610DE33-1D39-2B9F-CF3E-F5608F01FB78">
<hideElementsInCurrentOnly>false</hideElementsInCurrentOnly>
<backgroundColor>-16777216</backgroundColor>
<lineWidth>1</lineWidth>
<points>
<point x="1079" y="360"/>
<point x="1518" y="360"/>
</points>
</Connector>
<Connector class="oracle.dbtools.crest.swingui.logical.TVRelation" oid="1AC12376-3626-E95F-7E42-D77E6BB9B9F9" otype="Relation" vid_source="5610DE33-1D39-2B9F-CF3E-F5608F01FB78" vid_target="106E93D8-A1B1-BBA6-E8E3-8AFA3476D7C0">
<hideElementsInCurrentOnly>false</hideElementsInCurrentOnly>
<backgroundColor>-16777216</backgroundColor>
<lineWidth>1</lineWidth>
<points>
<point x="1656" y="246"/>
<point x="1656" y="206"/>
</points>
</Connector>
<Connector class="oracle.dbtools.crest.swingui.logical.TVRelation" oid="26700392-7638-2460-36E4-8E557487B878" otype="Relation" vid_source="2209DD5C-7030-3DB2-BBF9-54FC1386A9E7" vid_target="C887DE08-A036-BCA5-4A55-6C0E8714E3C0">
<hideElementsInCurrentOnly>false</hideElementsInCurrentOnly>
<backgroundColor>-16777216</backgroundColor>
<lineWidth>1</lineWidth>
<points>
<point x="864" y="475"/>
<point x="864" y="658"/>
</points>
</Connector>
<Connector class="oracle.dbtools.crest.swingui.logical.TVRelation" oid="2850483B-F180-8BFD-B091-803E7343CED8" otype="Relation" vid_source="46CCB634-8E51-8A0B-1C20-848124CB7919" vid_target="87493476-9ED3-6348-106E-FEB326380CB1">
<hideElementsInCurrentOnly>false</hideElementsInCurrentOnly>
<backgroundColor>-16777216</backgroundColor>
<lineWidth>1</lineWidth>
<points>
<point x="878" y="551"/>
<point x="745" y="551"/>
</points>
</Connector>
<Connector class="oracle.dbtools.crest.swingui.logical.TVRelation" oid="2EB0A575-8CD1-90A7-96EF-E6285D5C38CF" otype="Relation" vid_source="F1726D85-322B-FB0E-EC89-8D80B53873C4" vid_target="0CB46B88-4E86-8645-E79C-C1090E03F68A">
<hideElementsInCurrentOnly>false</hideElementsInCurrentOnly>
<backgroundColor>-16777216</backgroundColor>
<lineWidth>1</lineWidth>
<points>
<point x="1277" y="50"/>
<point x="1237" y="50"/>
</points>
</Connector>
<Connector class="oracle.dbtools.crest.swingui.logical.TVRelation" oid="30BF7329-17C1-71EE-D371-C2DCB4D30069" otype="Relation" vid_source="BEA8F67A-0C1C-C788-F1EF-92DADA48C27D" vid_target="C0F1C889-6931-072A-2CEF-13621D722D7B">
<hideElementsInCurrentOnly>false</hideElementsInCurrentOnly>
<backgroundColor>-16777216</backgroundColor>
<lineWidth>1</lineWidth>
<points>
<point x="1588" y="596"/>
<point x="1533" y="596"/>
</points>
</Connector>
<Connector class="oracle.dbtools.crest.swingui.logical.TVRelation" oid="35E613D7-965D-9656-5B5D-B46174D12925" otype="Relation" vid_source="87493476-9ED3-6348-106E-FEB326380CB1" vid_target="31A2B6D0-E46F-5B1B-9CF4-7A0AA9F91D18">
<hideElementsInCurrentOnly>false</hideElementsInCurrentOnly>
<backgroundColor>-16777216</backgroundColor>
<lineWidth>1</lineWidth>
<points>
<point x="343" y="591"/>
<point x="343" y="654"/>
</points>
</Connector>
<Connector class="oracle.dbtools.crest.swingui.logical.TVRelation" oid="3D35A0A7-26BB-5D8D-7549-CCD27D6EBC02" otype="Relation" vid_source="46CCB634-8E51-8A0B-1C20-848124CB7919" vid_target="C0F1C889-6931-072A-2CEF-13621D722D7B">
<hideElementsInCurrentOnly>false</hideElementsInCurrentOnly>
<backgroundColor>-16777216</backgroundColor>
<lineWidth>1</lineWidth>
<points>
<point x="1136" y="573"/>
<point x="1187" y="573"/>
</points>
</Connector>
<Connector class="oracle.dbtools.crest.swingui.logical.TVRelation" oid="44A7DB67-52FA-F854-7C35-11BAD309B6EA" otype="Relation" vid_source="87493476-9ED3-6348-106E-FEB326380CB1" vid_target="1F704ED9-10FC-93D0-138D-817A1F9B1FDA">
<hideElementsInCurrentOnly>false</hideElementsInCurrentOnly>
<backgroundColor>-16777216</backgroundColor>
<lineWidth>1</lineWidth>
<points>
<point x="493" y="591"/>
<point x="493" y="620"/>
</points>
</Connector>
<Connector class="oracle.dbtools.crest.swingui.logical.TVRelation" oid="502E9E0F-DA92-611E-806F-4454FDEA1841" otype="Relation" vid_source="87493476-9ED3-6348-106E-FEB326380CB1" vid_target="0CB46B88-4E86-8645-E79C-C1090E03F68A">
<hideElementsInCurrentOnly>false</hideElementsInCurrentOnly>
<backgroundColor>-16777216</backgroundColor>
<lineWidth>1</lineWidth>
<points>
<point x="745" y="148"/>
<point x="791" y="148"/>
</points>
</Connector>
<Connector class="oracle.dbtools.crest.swingui.logical.TVRelation" oid="659EC51C-1752-C9D2-1F54-D78D68FFFA79" otype="Relation" vid_source="B3E16EEC-EF8B-E79B-ABC6-4103A40EE834" vid_target="5610DE33-1D39-2B9F-CF3E-F5608F01FB78">
<hideElementsInCurrentOnly>false</hideElementsInCurrentOnly>
<backgroundColor>-16777216</backgroundColor>
<lineWidth>1</lineWidth>
<points>
<point x="1444" y="294"/>
<point x="1518" y="294"/>
</points>
</Connector>
<Connector class="oracle.dbtools.crest.swingui.logical.TVRelation" oid="6B793504-2C65-58DB-F816-D375628326CF" otype="Relation" vid_source="C0F1C889-6931-072A-2CEF-13621D722D7B" vid_target="5610DE33-1D39-2B9F-CF3E-F5608F01FB78">
<hideElementsInCurrentOnly>false</hideElementsInCurrentOnly>
<backgroundColor>-16777216</backgroundColor>
<lineWidth>1</lineWidth>
<points>
<point x="1525" y="516"/>
<point x="1525" y="477"/>
</points>
</Connector>
<Connector class="oracle.dbtools.crest.swingui.logical.TVRelation" oid="6DE03F5C-2F9A-0B32-356E-D8F9FCB0FBC1" otype="Relation" vid_source="2209DD5C-7030-3DB2-BBF9-54FC1386A9E7" vid_target="0CB46B88-4E86-8645-E79C-C1090E03F68A">
<hideElementsInCurrentOnly>false</hideElementsInCurrentOnly>
<backgroundColor>-16777216</backgroundColor>
<lineWidth>1</lineWidth>
<points>
<point x="941" y="225"/>
<point x="941" y="182"/>
</points>
</Connector>
<Connector class="oracle.dbtools.crest.swingui.logical.TVRelation" oid="8336A94A-D44F-E65A-911D-A2B192FFFCD6" otype="Relation" vid_source="7F0B55D4-58AE-6D23-5440-C5BA6CD33323" vid_target="AF16FA4D-6774-10E0-602C-D118E468A115">
<hideElementsInCurrentOnly>false</hideElementsInCurrentOnly>
<backgroundColor>-16777216</backgroundColor>
<lineWidth>1</lineWidth>
<points>
<point x="123" y="202"/>
<point x="123" y="153"/>
</points>
</Connector>
<Connector class="oracle.dbtools.crest.swingui.logical.TVRelation" oid="908878B8-CA5D-DA4B-2C9E-D2B1EE9F168E" otype="Relation" vid_source="CDE74150-A703-D1D6-D5E3-B38745FDC0A1" vid_target="F58EE3EC-968C-80A6-33E2-487232ACDC52">
<hideElementsInCurrentOnly>false</hideElementsInCurrentOnly>
<backgroundColor>-16777216</backgroundColor>
<lineWidth>1</lineWidth>
<points>
<point x="1274" y="764"/>
<point x="1347" y="764"/>
</points>
</Connector>
<Connector class="oracle.dbtools.crest.swingui.logical.TVRelation" oid="A2043B38-FA85-A7DD-2EB6-18C158B5E51D" otype="Relation" vid_source="BCC02631-7E5B-2669-21D7-534E6E4F9CC3" vid_target="87493476-9ED3-6348-106E-FEB326380CB1">
<hideElementsInCurrentOnly>false</hideElementsInCurrentOnly>
<backgroundColor>-16777216</backgroundColor>
<lineWidth>1</lineWidth>
<points>
<point x="629" y="80"/>
<point x="629" y="114"/>
</points>
</Connector>
<Connector class="oracle.dbtools.crest.swingui.logical.TVRelation" oid="A72AAE3A-BC39-07D9-E149-CB562D048288" otype="Relation" vid_source="87493476-9ED3-6348-106E-FEB326380CB1" vid_target="E54C304D-E952-3F42-D034-B995EFE6D100">
<hideElementsInCurrentOnly>false</hideElementsInCurrentOnly>
<backgroundColor>-16777216</backgroundColor>
<lineWidth>1</lineWidth>
<points>
<point x="318" y="411"/>
<point x="275" y="411"/>
</points>
</Connector>
<Connector class="oracle.dbtools.crest.swingui.logical.TVRelation" oid="A7D35B1E-CCD2-5431-6EB1-5259DFC1B5A3" otype="Relation" vid_source="AF16FA4D-6774-10E0-602C-D118E468A115" vid_target="87493476-9ED3-6348-106E-FEB326380CB1">
<hideElementsInCurrentOnly>false</hideElementsInCurrentOnly>
<backgroundColor>-16777216</backgroundColor>
<lineWidth>1</lineWidth>
<points>
<point x="263" y="133"/>
<point x="318" y="133"/>
</points>
</Connector>
<Connector class="oracle.dbtools.crest.swingui.logical.TVRelation" oid="D535F1AB-5D8E-E6E9-6B8A-EF97DA721908" otype="Relation" vid_source="C0455E4E-5738-B616-D804-6645BEA3C495" vid_target="106E93D8-A1B1-BBA6-E8E3-8AFA3476D7C0">
<hideElementsInCurrentOnly>false</hideElementsInCurrentOnly>
<backgroundColor>-16777216</backgroundColor>
<lineWidth>1</lineWidth>
<points>
<point x="1479" y="155"/>
<point x="1515" y="155"/>
</points>
</Connector>
<Connector class="oracle.dbtools.crest.swingui.logical.TVRelation" oid="F525E6D7-E7A5-F9E1-D184-5A35A2F81388" otype="Relation" vid_source="C887DE08-A036-BCA5-4A55-6C0E8714E3C0" vid_target="CDE74150-A703-D1D6-D5E3-B38745FDC0A1">
<hideElementsInCurrentOnly>false</hideElementsInCurrentOnly>
<backgroundColor>-16777216</backgroundColor>
<lineWidth>1</lineWidth>
<points>
<point x="925" y="766"/>
<point x="962" y="766"/>
</points>
</Connector>
</connectors>
</Diagram>