<?xml version = '1.0' encoding = 'UTF-8'?>
<Table class="oracle.dbtools.crest.model.design.relational.Table" directorySegmentName="seg_0" id="11F70772-2B15-D83B-DA9B-D92153419EBD" name="CERT_CONFIRMACION">
<createdBy>GOLDEN GAMERS</createdBy>
<createdTime>2024-10-15 02:48:39 UTC</createdTime>
<ownerDesignName>modelo</ownerDesignName>
<ordsAlias>table_19</ordsAlias>
<allowColumnReorder>false</allowColumnReorder>
<existDependencyGenerateInDDl>true</existDependencyGenerateInDDl>
<parsed>true</parsed>
<columns itemClass="oracle.dbtools.crest.model.design.relational.Column">
<Column name="id_cert" id="BB1504C5-40C0-1F73-F9CE-9F60EF0F7C56">
<createdBy>GOLDEN GAMERS</createdBy>
<createdTime>2024-10-15 02:50:01 UTC</createdTime>
<ownerDesignName>modelo</ownerDesignName>
<useDomainConstraints>false</useDomainConstraints>
<use>1</use>
<logicalDatatype>LOGDT027</logicalDatatype>
<ownDataTypeParameters>,,</ownDataTypeParameters>
<autoIncrementCycle>false</autoIncrementCycle>
</Column>
<Column name="hacia_quien" id="35BD6226-4E55-CB38-C123-82E971ABD11B">
<createdBy>GOLDEN GAMERS</createdBy>
<createdTime>2024-10-15 02:50:01 UTC</createdTime>
<ownerDesignName>modelo</ownerDesignName>
<useDomainConstraints>false</useDomainConstraints>
<use>1</use>
<logicalDatatype>LOGDT024</logicalDatatype>
<dataTypeSize>40</dataTypeSize>
<ownDataTypeParameters>40,,</ownDataTypeParameters>
<autoIncrementCycle>false</autoIncrementCycle>
</Column>
<Column name="persona_realiza" id="FBC1217A-85A9-71EB-52C4-40232C34171C">
<createdBy>GOLDEN GAMERS</createdBy>
<createdTime>2024-10-15 02:50:01 UTC</createdTime>
<ownerDesignName>modelo</ownerDesignName>
<useDomainConstraints>false</useDomainConstraints>
<use>1</use>
<logicalDatatype>LOGDT024</logicalDatatype>
<dataTypeSize>40</dataTypeSize>
<ownDataTypeParameters>40,,</ownDataTypeParameters>
<autoIncrementCycle>false</autoIncrementCycle>
</Column>
<Column name="CERTIFICADO_id_certificado" id="DF935BFD-FAE6-1E3F-1B37-CD63FBEB9178">
<createdBy>GOLDEN GAMERS</createdBy>
<createdTime>2024-10-15 03:05:40 UTC</createdTime>
<ownerDesignName>modelo</ownerDesignName>
<useDomainConstraints>false</useDomainConstraints>
<use>1</use>
<logicalDatatype>LOGDT011</logicalDatatype>
<ownDataTypeParameters>,,</ownDataTypeParameters>
<previousColumn>false</previousColumn>
<autoIncrementCycle>false</autoIncrementCycle>
<associations>
<colAssociation fkAssociation="B8F3999B-5026-417E-8514-88B442847749" referredColumn="FA9D7C0B-F9EF-E2EB-DD10-294F19031C4C"/>
</associations>
</Column>
</columns>
<indexes itemClass="oracle.dbtools.crest.model.design.relational.Index">
<ind_PK_UK id="3A091DF1-D6D3-A468-AA56-F5ECAB83527F" name="CERT_CONFIRMACION_PK">
<createdBy>GOLDEN GAMERS</createdBy>
<createdTime>2024-10-15 02:50:01 UTC</createdTime>
<ownerDesignName>modelo</ownerDesignName>
<pk>true</pk>
<indexState>Primary Constraint</indexState>
<isSurrogateKey>false</isSurrogateKey>
<indexColumnUsage>
<colUsage columnID="BB1504C5-40C0-1F73-F9CE-9F60EF0F7C56"/>
</indexColumnUsage>
</ind_PK_UK>
<ind_PK_UK id="39C2C50E-BA11-FF52-5FE4-9D35202791AB" name="CERT_CONFIRMACION_CERTIFICADO_FK">
<createdBy>GOLDEN GAMERS</createdBy>
<createdTime>2024-10-15 03:05:40 UTC</createdTime>
<generatorID>A97C4A7B-032E-834A-7405-607720803BB5</generatorID>
<ownerDesignName>modelo</ownerDesignName>
<indexState>Foreign Key</indexState>
<isSurrogateKey>false</isSurrogateKey>
<indexColumnUsage>
<colUsage columnID="DF935BFD-FAE6-1E3F-1B37-CD63FBEB9178"/>
</indexColumnUsage>
</ind_PK_UK>
</indexes>
</Table>