<?xml version = '1.0' encoding = 'UTF-8'?>
<Table class="oracle.dbtools.crest.model.design.relational.Table" directorySegmentName="seg_0" id="126BD862-F7D6-2538-C1CA-32146A6D7C87" name="CERT_PAR_BAUTISMO">
<createdBy>GOLDEN GAMERS</createdBy>
<createdTime>2024-10-15 02:50:11 UTC</createdTime>
<ownerDesignName>modelo</ownerDesignName>
<ordsAlias>table_20</ordsAlias>
<allowColumnReorder>false</allowColumnReorder>
<existDependencyGenerateInDDl>true</existDependencyGenerateInDDl>
<parsed>true</parsed>
<columns itemClass="oracle.dbtools.crest.model.design.relational.Column">
<Column name="id_partida" id="BF8C3B42-CFDE-2F61-60A2-4A31501E6F99">
<createdBy>GOLDEN GAMERS</createdBy>
<createdTime>2024-10-15 02:50:42 UTC</createdTime>
<ownerDesignName>modelo</ownerDesignName>
<useDomainConstraints>false</useDomainConstraints>
<use>1</use>
<logicalDatatype>LOGDT027</logicalDatatype>
<ownDataTypeParameters>,,</ownDataTypeParameters>
<autoIncrementCycle>false</autoIncrementCycle>
</Column>
<Column name="fecha_realizacion" id="5B79862C-5F56-5961-6CBB-2EB1A5203772">
<createdBy>GOLDEN GAMERS</createdBy>
<createdTime>2024-10-15 02:50:42 UTC</createdTime>
<ownerDesignName>modelo</ownerDesignName>
<useDomainConstraints>false</useDomainConstraints>
<use>1</use>
<logicalDatatype>LOGDT007</logicalDatatype>
<ownDataTypeParameters>,,</ownDataTypeParameters>
<autoIncrementCycle>false</autoIncrementCycle>
</Column>
<Column name="CERTIFICADO_id_certificado" id="82EE9A33-B4FB-70D5-7647-2C177AD35290">
<createdBy>GOLDEN GAMERS</createdBy>
<createdTime>2024-10-15 03:05:57 UTC</createdTime>
<ownerDesignName>modelo</ownerDesignName>
<useDomainConstraints>false</useDomainConstraints>
<use>1</use>
<logicalDatatype>LOGDT011</logicalDatatype>
<ownDataTypeParameters>,,</ownDataTypeParameters>
<previousColumn>false</previousColumn>
<autoIncrementCycle>false</autoIncrementCycle>
<associations>
<colAssociation fkAssociation="66CDD2E4-466E-4100-B575-7CA5ADEF8598" referredColumn="FA9D7C0B-F9EF-E2EB-DD10-294F19031C4C"/>
</associations>
</Column>
</columns>
<indexes itemClass="oracle.dbtools.crest.model.design.relational.Index">
<ind_PK_UK id="A304C35C-DE5A-9F68-0E92-133629F5D53A" name="CERT_PAR_BAUTISMO_PK">
<createdBy>GOLDEN GAMERS</createdBy>
<createdTime>2024-10-15 02:50:42 UTC</createdTime>
<ownerDesignName>modelo</ownerDesignName>
<pk>true</pk>
<indexState>Primary Constraint</indexState>
<isSurrogateKey>false</isSurrogateKey>
<indexColumnUsage>
<colUsage columnID="BF8C3B42-CFDE-2F61-60A2-4A31501E6F99"/>
</indexColumnUsage>
</ind_PK_UK>
<ind_PK_UK id="FDAF60A8-17F7-EE4A-27CB-452C4320F8F2" name="CERT_PAR_BAUTISMO_CERTIFICADO_FK">
<createdBy>GOLDEN GAMERS</createdBy>
<createdTime>2024-10-15 03:05:57 UTC</createdTime>
<generatorID>A97C4A7B-032E-834A-7405-607720803BB5</generatorID>
<ownerDesignName>modelo</ownerDesignName>
<indexState>Foreign Key</indexState>
<isSurrogateKey>false</isSurrogateKey>
<indexColumnUsage>
<colUsage columnID="82EE9A33-B4FB-70D5-7647-2C177AD35290"/>
</indexColumnUsage>
</ind_PK_UK>
</indexes>
</Table>