<?xml version = '1.0' encoding = 'UTF-8'?>
<Table class="oracle.dbtools.crest.model.design.relational.Table" directorySegmentName="seg_0" id="14EA3F78-4FB8-AC1B-ADE5-502B3B0248F9" name="ACTO">
<createdBy>GOLDEN GAMERS</createdBy>
<createdTime>2024-10-15 03:00:55 UTC</createdTime>
<ownerDesignName>modelo</ownerDesignName>
<ordsAlias>table_23</ordsAlias>
<allowColumnReorder>false</allowColumnReorder>
<existDependencyGenerateInDDl>true</existDependencyGenerateInDDl>
<parsed>true</parsed>
<columns itemClass="oracle.dbtools.crest.model.design.relational.Column">
<Column name="id_acto" id="D7450163-EB3D-512A-2408-7D1C21303993">
<createdBy>GOLDEN GAMERS</createdBy>
<createdTime>2024-10-15 03:01:41 UTC</createdTime>
<ownerDesignName>modelo</ownerDesignName>
<useDomainConstraints>false</useDomainConstraints>
<use>1</use>
<logicalDatatype>LOGDT027</logicalDatatype>
<ownDataTypeParameters>,,</ownDataTypeParameters>
<autoIncrementCycle>false</autoIncrementCycle>
</Column>
<Column name="identific_cert" id="C894BCAD-2333-B884-28CD-952E8E1FDA03">
<createdBy>GOLDEN GAMERS</createdBy>
<createdTime>2024-10-15 03:01:41 UTC</createdTime>
<ownerDesignName>modelo</ownerDesignName>
<useDomainConstraints>false</useDomainConstraints>
<use>1</use>
<logicalDatatype>LOGDT024</logicalDatatype>
<dataTypeSize>30</dataTypeSize>
<ownDataTypeParameters>30,,</ownDataTypeParameters>
<autoIncrementCycle>false</autoIncrementCycle>
</Column>
</columns>
<indexes itemClass="oracle.dbtools.crest.model.design.relational.Index">
<ind_PK_UK id="EAF5BC34-844E-34C2-CC27-58F992645DC6" name="ACTO_PK">
<createdBy>GOLDEN GAMERS</createdBy>
<createdTime>2024-10-15 03:01:41 UTC</createdTime>
<ownerDesignName>modelo</ownerDesignName>
<pk>true</pk>
<indexState>Primary Constraint</indexState>
<isSurrogateKey>false</isSurrogateKey>
<indexColumnUsage>
<colUsage columnID="D7450163-EB3D-512A-2408-7D1C21303993"/>
</indexColumnUsage>
</ind_PK_UK>
</indexes>
</Table>