<?xml version = '1.0' encoding = 'UTF-8'?>
<Table class="oracle.dbtools.crest.model.design.relational.Table" directorySegmentName="seg_0" id="2F061004-AF69-2171-5455-17630C86448E" name="CERT_MATRIMONIO">
<createdBy>GOLDEN GAMERS</createdBy>
<createdTime>2024-10-15 02:51:28 UTC</createdTime>
<ownerDesignName>modelo</ownerDesignName>
<ordsAlias>table_21</ordsAlias>
<allowColumnReorder>false</allowColumnReorder>
<existDependencyGenerateInDDl>true</existDependencyGenerateInDDl>
<parsed>true</parsed>
<columns itemClass="oracle.dbtools.crest.model.design.relational.Column">
<Column name="id_cert_matr" id="D9F3E3D3-ECC4-F2C7-4E69-25654716A5D7">
<createdBy>GOLDEN GAMERS</createdBy>
<createdTime>2024-10-15 02:53:00 UTC</createdTime>
<ownerDesignName>modelo</ownerDesignName>
<useDomainConstraints>false</useDomainConstraints>
<use>1</use>
<logicalDatatype>LOGDT027</logicalDatatype>
<ownDataTypeParameters>,,</ownDataTypeParameters>
<autoIncrementCycle>false</autoIncrementCycle>
</Column>
<Column name="padre_encargado" id="ACB7C149-FA29-B98A-6D87-F2F05E85668D">
<createdBy>GOLDEN GAMERS</createdBy>
<createdTime>2024-10-15 02:53:00 UTC</createdTime>
<ownerDesignName>modelo</ownerDesignName>
<useDomainConstraints>false</useDomainConstraints>
<use>1</use>
<logicalDatatype>LOGDT024</logicalDatatype>
<dataTypeSize>50</dataTypeSize>
<ownDataTypeParameters>50,,</ownDataTypeParameters>
<autoIncrementCycle>false</autoIncrementCycle>
</Column>
<Column name="padre_de" id="D545350B-A0F8-E689-E5D0-541A9C52D12F">
<createdBy>GOLDEN GAMERS</createdBy>
<createdTime>2024-10-15 02:53:00 UTC</createdTime>
<ownerDesignName>modelo</ownerDesignName>
<useDomainConstraints>false</useDomainConstraints>
<use>1</use>
<logicalDatatype>LOGDT024</logicalDatatype>
<dataTypeSize>50</dataTypeSize>
<ownDataTypeParameters>50,,</ownDataTypeParameters>
<autoIncrementCycle>false</autoIncrementCycle>
</Column>
<Column name="madre_de" id="815D255C-D15D-F1E7-9AA7-BA98E6D69D6D">
<createdBy>GOLDEN GAMERS</createdBy>
<createdTime>2024-10-15 02:58:07 UTC</createdTime>
<ownerDesignName>modelo</ownerDesignName>
<useDomainConstraints>false</useDomainConstraints>
<use>1</use>
<logicalDatatype>LOGDT024</logicalDatatype>
<dataTypeSize>50</dataTypeSize>
<ownDataTypeParameters>50,,</ownDataTypeParameters>
<autoIncrementCycle>false</autoIncrementCycle>
</Column>
<Column name="testigos" id="124ACD29-8153-1938-FCE1-0B8A1E02BFDD">
<createdBy>GOLDEN GAMERS</createdBy>
<createdTime>2024-10-15 02:58:07 UTC</createdTime>
<ownerDesignName>modelo</ownerDesignName>
<useDomainConstraints>false</useDomainConstraints>
<use>1</use>
<logicalDatatype>LOGDT024</logicalDatatype>
<dataTypeSize>50</dataTypeSize>
<ownDataTypeParameters>50,,</ownDataTypeParameters>
<autoIncrementCycle>false</autoIncrementCycle>
</Column>
<Column name="nom_conyugue1" id="C4D27777-8212-B037-3B7B-AAF0300D26BE">
<createdBy>GOLDEN GAMERS</createdBy>
<createdTime>2024-10-15 02:58:07 UTC</createdTime>
<ownerDesignName>modelo</ownerDesignName>
<useDomainConstraints>false</useDomainConstraints>
<use>1</use>
<logicalDatatype>LOGDT024</logicalDatatype>
<dataTypeSize>50</dataTypeSize>
<ownDataTypeParameters>50,,</ownDataTypeParameters>
<autoIncrementCycle>false</autoIncrementCycle>
</Column>
<Column name="nom_conyugue2" id="A3B08F5F-8568-70C0-73AF-2E4473E40678">
<createdBy>GOLDEN GAMERS</createdBy>
<createdTime>2024-10-15 02:58:07 UTC</createdTime>
<ownerDesignName>modelo</ownerDesignName>
<useDomainConstraints>false</useDomainConstraints>
<use>1</use>
<logicalDatatype>LOGDT024</logicalDatatype>
<dataTypeSize>50</dataTypeSize>
<ownDataTypeParameters>50,,</ownDataTypeParameters>
<autoIncrementCycle>false</autoIncrementCycle>
</Column>
<Column name="fecha_matrimonio" id="32E70CEF-5C87-C8C4-1FD5-06573BA8857D">
<createdBy>GOLDEN GAMERS</createdBy>
<createdTime>2024-10-15 02:58:07 UTC</createdTime>
<ownerDesignName>modelo</ownerDesignName>
<useDomainConstraints>false</useDomainConstraints>
<use>1</use>
<logicalDatatype>LOGDT007</logicalDatatype>
<ownDataTypeParameters>,,</ownDataTypeParameters>
<autoIncrementCycle>false</autoIncrementCycle>
</Column>
<Column name="CERTIFICADO_id_certificado" id="8DBE8E83-F8D1-32B5-468B-D1D659547509">
<createdBy>GOLDEN GAMERS</createdBy>
<createdTime>2024-10-15 03:06:01 UTC</createdTime>
<ownerDesignName>modelo</ownerDesignName>
<useDomainConstraints>false</useDomainConstraints>
<use>1</use>
<logicalDatatype>LOGDT011</logicalDatatype>
<ownDataTypeParameters>,,</ownDataTypeParameters>
<previousColumn>false</previousColumn>
<autoIncrementCycle>false</autoIncrementCycle>
<associations>
<colAssociation fkAssociation="64CDE3A4-BC21-595D-031E-C635CECC13D4" referredColumn="FA9D7C0B-F9EF-E2EB-DD10-294F19031C4C"/>
</associations>
</Column>
</columns>
<indexes itemClass="oracle.dbtools.crest.model.design.relational.Index">
<ind_PK_UK id="4F5B968E-C5E8-A96C-59A7-B2F709887A60" name="CERT_ENC_BAUTISMAL_PKv2">
<createdBy>GOLDEN GAMERS</createdBy>
<createdTime>2024-10-15 02:53:00 UTC</createdTime>
<ownerDesignName>modelo</ownerDesignName>
<pk>true</pk>
<indexState>Primary Constraint</indexState>
<isSurrogateKey>false</isSurrogateKey>
<indexColumnUsage>
<colUsage columnID="D9F3E3D3-ECC4-F2C7-4E69-25654716A5D7"/>
</indexColumnUsage>
</ind_PK_UK>
<ind_PK_UK id="06C0E9D0-DE77-7C2D-DA56-7BCB56792EAC" name="CERT_MATRIMONIO_CERTIFICADO_FK">
<createdBy>GOLDEN GAMERS</createdBy>
<createdTime>2024-10-15 03:06:01 UTC</createdTime>
<generatorID>A97C4A7B-032E-834A-7405-607720803BB5</generatorID>
<ownerDesignName>modelo</ownerDesignName>
<indexState>Foreign Key</indexState>
<isSurrogateKey>false</isSurrogateKey>
<indexColumnUsage>
<colUsage columnID="8DBE8E83-F8D1-32B5-468B-D1D659547509"/>
</indexColumnUsage>
</ind_PK_UK>
</indexes>
</Table>