<?xml version = '1.0' encoding = 'UTF-8'?>
<Table class="oracle.dbtools.crest.model.design.relational.Table" directorySegmentName="seg_0" id="4ACAFCD9-76E2-DFC7-93F9-8A69A4BE285C" name="TIPO_ACTIVIDAD">
<createdBy>mimi</createdBy>
<createdTime>2024-10-13 04:16:59 UTC</createdTime>
<generatorID>01E4E4A0-8AF9-DFA6-705B-8EE23233246F</generatorID>
<ownerDesignName>modelo</ownerDesignName>
<allowColumnReorder>false</allowColumnReorder>
<existDependencyGenerateInDDl>true</existDependencyGenerateInDDl>
<parsed>true</parsed>
<columns itemClass="oracle.dbtools.crest.model.design.relational.Column">
<Column name="id_tip_acr" id="EA3AD664-2280-F499-B5F1-A9521C4D3FEC">
<createdBy>mimi</createdBy>
<createdTime>2024-10-13 04:16:59 UTC</createdTime>
<generatorID>93F3AE2D-6A1B-4746-4373-3FAB5DC2E534</generatorID>
<ownerDesignName>modelo</ownerDesignName>
<useDomainConstraints>false</useDomainConstraints>
<use>1</use>
<logicalDatatype>LOGDT011</logicalDatatype>
<ownDataTypeParameters>,,</ownDataTypeParameters>
<autoIncrementCycle>false</autoIncrementCycle>
</Column>
<Column name="nombre_act" id="76D3897A-047C-FDDF-F87C-21276725EE2F">
<createdBy>mimi</createdBy>
<createdTime>2024-10-13 04:16:59 UTC</createdTime>
<generatorID>C6719504-B43B-8C6D-6F55-BB746F4CFF3D</generatorID>
<ownerDesignName>modelo</ownerDesignName>
<useDomainConstraints>false</useDomainConstraints>
<use>1</use>
<logicalDatatype>LOGDT024</logicalDatatype>
<dataTypeSize>60</dataTypeSize>
<ownDataTypeParameters>60,,</ownDataTypeParameters>
<autoIncrementCycle>false</autoIncrementCycle>
</Column>
</columns>
<indexes itemClass="oracle.dbtools.crest.model.design.relational.Index">
<ind_PK_UK id="3F212C80-C6D1-F704-0615-5C9F83C4F808" name="TIPO_ACTIVIDAD_PK">
<createdBy>mimi</createdBy>
<createdTime>2024-10-13 04:16:59 UTC</createdTime>
<generatorID>9B16E266-9630-06EC-7320-F9F0407A2757</generatorID>
<ownerDesignName>modelo</ownerDesignName>
<pk>true</pk>
<indexState>Primary Constraint</indexState>
<isSurrogateKey>false</isSurrogateKey>
<indexColumnUsage>
<colUsage columnID="EA3AD664-2280-F499-B5F1-A9521C4D3FEC"/>
</indexColumnUsage>
</ind_PK_UK>
</indexes>
</Table>