<?xml version = '1.0' encoding = 'UTF-8'?>
<Table class="oracle.dbtools.crest.model.design.relational.Table" directorySegmentName="seg_0" id="5740CCB6-7773-CAFC-016F-02B3B7D3B7D2" name="ESTADO_CERTIFICADO">
<createdBy>GOLDEN GAMERS</createdBy>
<createdTime>2024-10-13 07:27:17 UTC</createdTime>
<ownerDesignName>modelo</ownerDesignName>
<ordsAlias>table_29</ordsAlias>
<allowColumnReorder>false</allowColumnReorder>
<existDependencyGenerateInDDl>true</existDependencyGenerateInDDl>
<parsed>true</parsed>
<columns itemClass="oracle.dbtools.crest.model.design.relational.Column">
<Column name="id_estado" id="2EDE799E-CBDA-2862-BBB3-57C6C9C9402C">
<createdBy>GOLDEN GAMERS</createdBy>
<createdTime>2024-10-13 07:28:22 UTC</createdTime>
<ownerDesignName>modelo</ownerDesignName>
<useDomainConstraints>false</useDomainConstraints>
<use>1</use>
<logicalDatatype>LOGDT027</logicalDatatype>
<ownDataTypeParameters>,,</ownDataTypeParameters>
<autoIncrementCycle>false</autoIncrementCycle>
</Column>
<Column name="nombre_estado" id="D4B0FD4C-778F-78B4-C962-9F9DC9876872">
<createdBy>GOLDEN GAMERS</createdBy>
<createdTime>2024-10-13 07:28:22 UTC</createdTime>
<ownerDesignName>modelo</ownerDesignName>
<useDomainConstraints>false</useDomainConstraints>
<use>1</use>
<logicalDatatype>LOGDT024</logicalDatatype>
<dataTypeSize>40</dataTypeSize>
<ownDataTypeParameters>40,,</ownDataTypeParameters>
<autoIncrementCycle>false</autoIncrementCycle>
</Column>
</columns>
<indexes itemClass="oracle.dbtools.crest.model.design.relational.Index">
<ind_PK_UK id="B6D17DAC-BBAD-80DF-FB1D-3B9F50C7738F" name="ESTADO_CERTIFICADO_PK">
<createdBy>GOLDEN GAMERS</createdBy>
<createdTime>2024-10-13 07:28:22 UTC</createdTime>
<ownerDesignName>modelo</ownerDesignName>
<pk>true</pk>
<indexState>Primary Constraint</indexState>
<isSurrogateKey>false</isSurrogateKey>
<indexColumnUsage>
<colUsage columnID="2EDE799E-CBDA-2862-BBB3-57C6C9C9402C"/>
</indexColumnUsage>
</ind_PK_UK>
</indexes>
</Table>