<?xml version = '1.0' encoding = 'UTF-8'?>
<Table class="oracle.dbtools.crest.model.design.relational.Table" directorySegmentName="seg_0" id="57D3FF3F-D555-4F4E-8FCC-FC506CBD9539" name="HISTORIAL_EST">
<createdBy>GOLDEN GAMERS</createdBy>
<createdTime>2024-10-14 23:14:03 UTC</createdTime>
<ownerDesignName>modelo</ownerDesignName>
<ordsAlias>table_19</ordsAlias>
<allowColumnReorder>false</allowColumnReorder>
<existDependencyGenerateInDDl>true</existDependencyGenerateInDDl>
<parsed>true</parsed>
<columns itemClass="oracle.dbtools.crest.model.design.relational.Column">
<Column name="ESTADO_RESERVA_id_est_reser" id="BF8BF6B2-2D72-695C-BDFC-25AADA4B0991">
<createdBy>GOLDEN GAMERS</createdBy>
<createdTime>2024-10-14 23:14:34 UTC</createdTime>
<ownerDesignName>modelo</ownerDesignName>
<useDomainConstraints>false</useDomainConstraints>
<use>1</use>
<logicalDatatype>LOGDT011</logicalDatatype>
<ownDataTypeParameters>,,</ownDataTypeParameters>
<previousColumn>false</previousColumn>
<autoIncrementCycle>false</autoIncrementCycle>
<associations>
<colAssociation fkAssociation="0D1BC3BA-CF6D-A080-164D-98E8CE8E8FF1" referredColumn="1650DF3C-E045-E01E-A134-DC6E66ACABE7"/>
</associations>
</Column>
<Column name="RESERVA_id_reserva" id="6FFD283A-6DF1-A8F2-B79E-7AC2B40CA085">
<createdBy>GOLDEN GAMERS</createdBy>
<createdTime>2024-10-14 23:14:42 UTC</createdTime>
<ownerDesignName>modelo</ownerDesignName>
<useDomainConstraints>false</useDomainConstraints>
<use>1</use>
<logicalDatatype>LOGDT011</logicalDatatype>
<ownDataTypeParameters>,,</ownDataTypeParameters>
<previousColumn>false</previousColumn>
<autoIncrementCycle>false</autoIncrementCycle>
<associations>
<colAssociation fkAssociation="0D0B0D41-7C02-A294-E40A-C4F0265C858F" referredColumn="96D82C60-37C3-771B-2806-CE10F4E627C1"/>
</associations>
</Column>
<Column name="fecha" id="805F2D3B-7D49-1669-D7E9-EFB5CADF94C6">
<createdBy>GOLDEN GAMERS</createdBy>
<createdTime>2024-10-14 23:15:21 UTC</createdTime>
<ownerDesignName>modelo</ownerDesignName>
<useDomainConstraints>false</useDomainConstraints>
<use>1</use>
<logicalDatatype>LOGDT007</logicalDatatype>
<ownDataTypeParameters>,,</ownDataTypeParameters>
<autoIncrementCycle>false</autoIncrementCycle>
</Column>
</columns>
<indexes itemClass="oracle.dbtools.crest.model.design.relational.Index">
<ind_PK_UK id="1ED08AF0-F43F-5461-AE9E-48514607A68A" name="HISTORIAL_EST_PK">
<createdBy>GOLDEN GAMERS</createdBy>
<createdTime>2024-10-14 23:15:21 UTC</createdTime>
<ownerDesignName>modelo</ownerDesignName>
<pk>true</pk>
<indexState>Primary Constraint</indexState>
<isSurrogateKey>false</isSurrogateKey>
<indexColumnUsage>
<colUsage columnID="805F2D3B-7D49-1669-D7E9-EFB5CADF94C6"/>
<colUsage columnID="BF8BF6B2-2D72-695C-BDFC-25AADA4B0991"/>
<colUsage columnID="6FFD283A-6DF1-A8F2-B79E-7AC2B40CA085"/>
</indexColumnUsage>
</ind_PK_UK>
<ind_PK_UK id="F237A3E0-F5EA-8669-D195-0AA6DD1E1317" name="HISTORIAL_EST_ESTADO_RESERVA_FK">
<createdBy>GOLDEN GAMERS</createdBy>
<createdTime>2024-10-14 23:14:34 UTC</createdTime>
<generatorID>F818C2B7-E9DD-6745-FC7E-5226A6F4526C</generatorID>
<ownerDesignName>modelo</ownerDesignName>
<indexState>Foreign Key</indexState>
<isSurrogateKey>false</isSurrogateKey>
<indexColumnUsage>
<colUsage columnID="BF8BF6B2-2D72-695C-BDFC-25AADA4B0991"/>
</indexColumnUsage>
</ind_PK_UK>
<ind_PK_UK id="5FBB3548-27E7-AF49-B09C-49A251031ACC" name="HISTORIAL_EST_RESERVA_FK">
<createdBy>GOLDEN GAMERS</createdBy>
<createdTime>2024-10-14 23:14:42 UTC</createdTime>
<generatorID>E1FFF1F3-68FF-531F-D524-39837AA294D6</generatorID>
<ownerDesignName>modelo</ownerDesignName>
<indexState>Foreign Key</indexState>
<isSurrogateKey>false</isSurrogateKey>
<indexColumnUsage>
<colUsage columnID="6FFD283A-6DF1-A8F2-B79E-7AC2B40CA085"/>
</indexColumnUsage>
</ind_PK_UK>
</indexes>
</Table>