<?xml version = '1.0' encoding = 'UTF-8'?>
<Table class="oracle.dbtools.crest.model.design.relational.Table" directorySegmentName="seg_0" id="5CFECE5F-2C53-A355-2208-3A3B191F51E6" name="USUARIO">
<createdBy>GOLDEN GAMERS</createdBy>
<createdTime>2024-10-13 20:51:01 UTC</createdTime>
<ownerDesignName>modelo</ownerDesignName>
<ordsAlias>table_22</ordsAlias>
<allowColumnReorder>false</allowColumnReorder>
<existDependencyGenerateInDDl>true</existDependencyGenerateInDDl>
<parsed>true</parsed>
<columns itemClass="oracle.dbtools.crest.model.design.relational.Column">
<Column name="id_usuario" id="C6D18E50-62A1-8A71-8C4A-50758C2482FB">
<createdBy>GOLDEN GAMERS</createdBy>
<createdTime>2024-10-13 20:53:30 UTC</createdTime>
<ownerDesignName>modelo</ownerDesignName>
<useDomainConstraints>false</useDomainConstraints>
<use>1</use>
<logicalDatatype>LOGDT027</logicalDatatype>
<ownDataTypeParameters>,,</ownDataTypeParameters>
<autoIncrementCycle>false</autoIncrementCycle>
</Column>
<Column name="runn" id="EDFD0FD6-8437-BBB5-B089-427F730B9205">
<createdBy>GOLDEN GAMERS</createdBy>
<createdTime>2024-10-14 00:27:55 UTC</createdTime>
<ownerDesignName>modelo</ownerDesignName>
<useDomainConstraints>false</useDomainConstraints>
<use>1</use>
<logicalDatatype>LOGDT019</logicalDatatype>
<dataTypePrecision>9</dataTypePrecision>
<ownDataTypeParameters>,9,</ownDataTypeParameters>
<autoIncrementCycle>false</autoIncrementCycle>
</Column>
<Column name="primer_nom" id="4F637215-73B5-7E04-FF7F-28ED9F2596E0">
<createdBy>GOLDEN GAMERS</createdBy>
<createdTime>2024-10-13 20:53:30 UTC</createdTime>
<ownerDesignName>modelo</ownerDesignName>
<useDomainConstraints>false</useDomainConstraints>
<use>1</use>
<logicalDatatype>LOGDT024</logicalDatatype>
<dataTypeSize>40</dataTypeSize>
<ownDataTypeParameters>40,,</ownDataTypeParameters>
<autoIncrementCycle>false</autoIncrementCycle>
</Column>
<Column name="segundo_nom" id="6B63F57C-81F5-BB8E-5B05-7FA0A366C18E">
<createdBy>GOLDEN GAMERS</createdBy>
<createdTime>2024-10-14 00:27:23 UTC</createdTime>
<ownerDesignName>modelo</ownerDesignName>
<nullsAllowed>true</nullsAllowed>
<useDomainConstraints>false</useDomainConstraints>
<use>1</use>
<logicalDatatype>LOGDT024</logicalDatatype>
<dataTypeSize>40</dataTypeSize>
<ownDataTypeParameters>40,,</ownDataTypeParameters>
<autoIncrementCycle>false</autoIncrementCycle>
</Column>
<Column name="primer_apellido" id="B9AD21D3-B617-5603-C576-80362F9B3F6C">
<createdBy>GOLDEN GAMERS</createdBy>
<createdTime>2024-10-13 20:53:30 UTC</createdTime>
<ownerDesignName>modelo</ownerDesignName>
<useDomainConstraints>false</useDomainConstraints>
<use>1</use>
<logicalDatatype>LOGDT024</logicalDatatype>
<dataTypeSize>40</dataTypeSize>
<ownDataTypeParameters>40,,</ownDataTypeParameters>
<autoIncrementCycle>false</autoIncrementCycle>
</Column>
<Column name="segundo_apellido" id="CC48E2FB-3F0C-588A-F318-E3F99044151D">
<createdBy>GOLDEN GAMERS</createdBy>
<createdTime>2024-10-14 00:27:23 UTC</createdTime>
<ownerDesignName>modelo</ownerDesignName>
<nullsAllowed>true</nullsAllowed>
<useDomainConstraints>false</useDomainConstraints>
<use>1</use>
<logicalDatatype>LOGDT024</logicalDatatype>
<ownDataTypeParameters>,,</ownDataTypeParameters>
<autoIncrementCycle>false</autoIncrementCycle>
</Column>
<Column name="email" id="13D44E71-0236-CBB6-BF64-D336654E27D0">
<createdBy>GOLDEN GAMERS</createdBy>
<createdTime>2024-10-13 20:53:30 UTC</createdTime>
<ownerDesignName>modelo</ownerDesignName>
<useDomainConstraints>false</useDomainConstraints>
<use>1</use>
<logicalDatatype>LOGDT024</logicalDatatype>
<dataTypeSize>30</dataTypeSize>
<ownDataTypeParameters>30,,</ownDataTypeParameters>
<autoIncrementCycle>false</autoIncrementCycle>
</Column>
<Column name="telefono" id="0871E32E-7586-2E9B-4BAF-64D6F72B84FC">
<createdBy>GOLDEN GAMERS</createdBy>
<createdTime>2024-10-13 20:53:30 UTC</createdTime>
<ownerDesignName>modelo</ownerDesignName>
<nullsAllowed>true</nullsAllowed>
<useDomainConstraints>false</useDomainConstraints>
<use>1</use>
<logicalDatatype>LOGDT019</logicalDatatype>
<dataTypePrecision>9</dataTypePrecision>
<ownDataTypeParameters>,9,</ownDataTypeParameters>
<autoIncrementCycle>false</autoIncrementCycle>
</Column>
<Column name="fecha_soli" id="C30019DF-47EA-01EA-59ED-6796978D8FE3">
<createdBy>GOLDEN GAMERS</createdBy>
<createdTime>2024-10-13 20:53:30 UTC</createdTime>
<ownerDesignName>modelo</ownerDesignName>
<useDomainConstraints>false</useDomainConstraints>
<use>1</use>
<logicalDatatype>LOGDT007</logicalDatatype>
<ownDataTypeParameters>,,</ownDataTypeParameters>
<autoIncrementCycle>false</autoIncrementCycle>
</Column>
<Column name="rol" id="ADC629EC-CA7C-DE05-1BAE-EDE833318492">
<createdBy>GOLDEN GAMERS</createdBy>
<createdTime>2024-10-13 23:41:44 UTC</createdTime>
<ownerDesignName>modelo</ownerDesignName>
<useDomainConstraints>false</useDomainConstraints>
<use>1</use>
<logicalDatatype>LOGDT006</logicalDatatype>
<dataTypeSize>1</dataTypeSize>
<ownDataTypeParameters>1,,</ownDataTypeParameters>
<autoIncrementCycle>false</autoIncrementCycle>
</Column>
<Column name="hijo_de" id="9D794404-5BD6-60F4-1D44-D1706E696AAB">
<createdBy>GOLDEN GAMERS</createdBy>
<createdTime>2024-10-14 00:28:53 UTC</createdTime>
<ownerDesignName>modelo</ownerDesignName>
<nullsAllowed>true</nullsAllowed>
<useDomainConstraints>false</useDomainConstraints>
<use>1</use>
<logicalDatatype>LOGDT024</logicalDatatype>
<dataTypeSize>40</dataTypeSize>
<ownDataTypeParameters>40,,</ownDataTypeParameters>
<autoIncrementCycle>false</autoIncrementCycle>
</Column>
<Column name="y_de" id="5D55C3F4-8769-9E17-6FE1-BE9143353EAB">
<createdBy>GOLDEN GAMERS</createdBy>
<createdTime>2024-10-14 00:28:53 UTC</createdTime>
<ownerDesignName>modelo</ownerDesignName>
<nullsAllowed>true</nullsAllowed>
<useDomainConstraints>false</useDomainConstraints>
<use>1</use>
<logicalDatatype>LOGDT024</logicalDatatype>
<dataTypeSize>40</dataTypeSize>
<ownDataTypeParameters>40,,</ownDataTypeParameters>
<autoIncrementCycle>false</autoIncrementCycle>
</Column>
</columns>
<indexes itemClass="oracle.dbtools.crest.model.design.relational.Index">
<ind_PK_UK id="798A55A6-A283-C5F1-202C-14DBE248D6C2" name="USUARIO_PK">
<createdBy>GOLDEN GAMERS</createdBy>
<createdTime>2024-10-13 20:53:30 UTC</createdTime>
<ownerDesignName>modelo</ownerDesignName>
<pk>true</pk>
<indexState>Primary Constraint</indexState>
<isSurrogateKey>false</isSurrogateKey>
<indexColumnUsage>
<colUsage columnID="C6D18E50-62A1-8A71-8C4A-50758C2482FB"/>
</indexColumnUsage>
</ind_PK_UK>
</indexes>
</Table>