<?xml version = '1.0' encoding = 'UTF-8'?>
<Table class="oracle.dbtools.crest.model.design.relational.Table" directorySegmentName="seg_0" id="5EB6D64E-EE33-FAED-0BBE-054E34D5EFE7" name="INT_PADRINO">
<createdBy>mimi</createdBy>
<createdTime>2024-10-13 03:09:48 UTC</createdTime>
<ownerDesignName>modelo</ownerDesignName>
<ordsAlias>table_32</ordsAlias>
<allowColumnReorder>false</allowColumnReorder>
<existDependencyGenerateInDDl>true</existDependencyGenerateInDDl>
<parsed>true</parsed>
<columns itemClass="oracle.dbtools.crest.model.design.relational.Column">
<Column name="id_cert_padrino" id="114C84CE-FA50-A34E-77AA-7BA3163EF8B7">
<createdBy>mimi</createdBy>
<createdTime>2024-10-13 03:11:10 UTC</createdTime>
<commentInRDBMS><![CDATA[Tabla intermedia para establecer hacia los diferentes certificados
]]></commentInRDBMS>
<ownerDesignName>modelo</ownerDesignName>
<useDomainConstraints>false</useDomainConstraints>
<use>1</use>
<logicalDatatype>LOGDT011</logicalDatatype>
<ownDataTypeParameters>,,</ownDataTypeParameters>
<autoIncrementCycle>false</autoIncrementCycle>
</Column>
<Column name="PADRINO_id_padrino" id="91FDF66D-8BB9-B595-279A-6B94D7C25A87">
<createdBy>mimi</createdBy>
<createdTime>2024-10-13 04:25:03 UTC</createdTime>
<ownerDesignName>modelo</ownerDesignName>
<useDomainConstraints>false</useDomainConstraints>
<use>1</use>
<logicalDatatype>LOGDT011</logicalDatatype>
<ownDataTypeParameters>,,</ownDataTypeParameters>
<previousColumn>false</previousColumn>
<autoIncrementCycle>false</autoIncrementCycle>
<associations>
<colAssociation fkAssociation="6209CE96-2341-4114-64A6-761F43E57620" referredColumn="83D39D88-4264-F639-0685-4DEFA53AEA87"/>
</associations>
</Column>
</columns>
<indexes itemClass="oracle.dbtools.crest.model.design.relational.Index">
<ind_PK_UK id="D51433A0-23DE-90C1-464A-F7D889E07286" name="INT_PADRINO_PK">
<createdBy>mimi</createdBy>
<createdTime>2024-10-13 03:11:24 UTC</createdTime>
<ownerDesignName>modelo</ownerDesignName>
<pk>true</pk>
<indexState>Primary Constraint</indexState>
<isSurrogateKey>false</isSurrogateKey>
<indexColumnUsage>
<colUsage columnID="114C84CE-FA50-A34E-77AA-7BA3163EF8B7"/>
</indexColumnUsage>
</ind_PK_UK>
<ind_PK_UK id="FCA35706-32AF-5607-ADCE-9DB1E806772D" name="INT_PADRINO_PADRINO_FK">
<createdBy>mimi</createdBy>
<createdTime>2024-10-13 04:25:03 UTC</createdTime>
<generatorID>03EBFC45-CF19-826E-100E-4F65AD0FF1B0</generatorID>
<ownerDesignName>modelo</ownerDesignName>
<indexState>Foreign Key</indexState>
<isSurrogateKey>false</isSurrogateKey>
<indexColumnUsage>
<colUsage columnID="91FDF66D-8BB9-B595-279A-6B94D7C25A87"/>
</indexColumnUsage>
</ind_PK_UK>
</indexes>
</Table>