<?xml version = '1.0' encoding = 'UTF-8'?>
<Table class="oracle.dbtools.crest.model.design.relational.Table" directorySegmentName="seg_0" id="797E8002-3F7B-1CCF-011E-A5119CA94C18" name="FELIGRES">
<createdBy>mimi</createdBy>
<createdTime>2024-10-12 07:12:30 UTC</createdTime>
<generatorID>FACB3998-EB4D-71DF-0F0D-D46C229EB1A7</generatorID>
<ownerDesignName>modelo</ownerDesignName>
<ordsAlias>miembro</ordsAlias>
<allowColumnReorder>false</allowColumnReorder>
<existDependencyGenerateInDDl>true</existDependencyGenerateInDDl>
<parsed>true</parsed>
<columns itemClass="oracle.dbtools.crest.model.design.relational.Column">
<Column name="id_feligres" id="EFDBBB3A-E962-5FFE-04B7-B6975981C3BB">
<createdBy>mimi</createdBy>
<createdTime>2024-10-12 07:12:30 UTC</createdTime>
<generatorID>7415F27A-474B-321D-C842-4068DF16D41C</generatorID>
<ownerDesignName>modelo</ownerDesignName>
<useDomainConstraints>false</useDomainConstraints>
<use>1</use>
<logicalDatatype>LOGDT011</logicalDatatype>
<ownDataTypeParameters>,,</ownDataTypeParameters>
<autoIncrementCycle>false</autoIncrementCycle>
</Column>
<Column name="nombre" id="CBBEA87E-93FF-1339-6916-3D5A38ECD351">
<createdBy>mimi</createdBy>
<createdTime>2024-10-12 07:12:30 UTC</createdTime>
<generatorID>FD349CC7-8332-8001-4D3C-0A5EA13089EB</generatorID>
<ownerDesignName>modelo</ownerDesignName>
<useDomainConstraints>false</useDomainConstraints>
<use>1</use>
<logicalDatatype>LOGDT024</logicalDatatype>
<dataTypeSize>50</dataTypeSize>
<ownDataTypeParameters>50,,</ownDataTypeParameters>
<autoIncrementCycle>false</autoIncrementCycle>
</Column>
<Column name="email" id="6BF59479-E363-97D6-CA37-C5D8EC2D2BDE">
<createdBy>mimi</createdBy>
<createdTime>2024-10-12 07:12:30 UTC</createdTime>
<generatorID>237CB116-63D7-967A-5F9A-920377525299</generatorID>
<ownerDesignName>modelo</ownerDesignName>
<useDomainConstraints>false</useDomainConstraints>
<use>1</use>
<logicalDatatype>LOGDT024</logicalDatatype>
<dataTypeSize>50</dataTypeSize>
<ownDataTypeParameters>50,,</ownDataTypeParameters>
<autoIncrementCycle>false</autoIncrementCycle>
</Column>
<Column name="telefono" id="6509762B-8572-A6C2-2925-E22BAF2DF73C">
<createdBy>mimi</createdBy>
<createdTime>2024-10-12 07:12:30 UTC</createdTime>
<generatorID>56C5778F-0647-7B96-1C0F-84407BE40CE0</generatorID>
<ownerDesignName>modelo</ownerDesignName>
<useDomainConstraints>false</useDomainConstraints>
<use>1</use>
<logicalDatatype>LOGDT019</logicalDatatype>
<dataTypePrecision>9</dataTypePrecision>
<ownDataTypeParameters>,9,</ownDataTypeParameters>
<autoIncrementCycle>false</autoIncrementCycle>
</Column>
<Column name="direccion" id="9B33C733-4416-9861-9636-1CF20B588A28">
<createdBy>mimi</createdBy>
<createdTime>2024-10-12 07:12:30 UTC</createdTime>
<generatorID>80A493C5-C8ED-5BFB-7246-6D45D01CE150</generatorID>
<ownerDesignName>modelo</ownerDesignName>
<useDomainConstraints>false</useDomainConstraints>
<use>1</use>
<logicalDatatype>LOGDT024</logicalDatatype>
<dataTypeSize>50</dataTypeSize>
<ownDataTypeParameters>50,,</ownDataTypeParameters>
<autoIncrementCycle>false</autoIncrementCycle>
</Column>
<Column name="id_usuario" id="D5A07896-7CE8-F293-8AA5-9B213A2F983A">
<createdBy>GOLDEN GAMERS</createdBy>
<createdTime>2024-10-14 23:10:51 UTC</createdTime>
<generatorID>42391EC5-07C0-BFAF-ADA6-4D5A0426DEA2</generatorID>
<ownerDesignName>modelo</ownerDesignName>
<useDomainConstraints>false</useDomainConstraints>
<use>1</use>
<logicalDatatype>LOGDT027</logicalDatatype>
<ownDataTypeParameters>,,</ownDataTypeParameters>
<previousColumn>false</previousColumn>
<autoIncrementCycle>false</autoIncrementCycle>
<associations>
<colAssociation fkAssociation="DD730093-F0D6-89AD-065A-AA5FD552002F" referredColumn="C6D18E50-62A1-8A71-8C4A-50758C2482FB"/>
</associations>
</Column>
</columns>
<indexes itemClass="oracle.dbtools.crest.model.design.relational.Index">
<ind_PK_UK id="E892BEA2-79F0-8B44-8706-C87CF8D2E5FA" name="MIEMBRO_PK">
<createdBy>mimi</createdBy>
<createdTime>2024-10-12 07:12:30 UTC</createdTime>
<generatorID>1F48B64F-F7FA-50A0-D38B-01138539BD76</generatorID>
<ownerDesignName>modelo</ownerDesignName>
<pk>true</pk>
<indexState>Primary Constraint</indexState>
<isSurrogateKey>false</isSurrogateKey>
<indexColumnUsage>
<colUsage columnID="EFDBBB3A-E962-5FFE-04B7-B6975981C3BB"/>
</indexColumnUsage>
</ind_PK_UK>
<ind_PK_UK id="6627EA71-31BF-4B1C-2E5B-C10DFBC1CDE1" name="FELIGRES_USUARIO_FK">
<createdBy>GOLDEN GAMERS</createdBy>
<createdTime>2024-10-14 23:10:51 UTC</createdTime>
<generatorID>26700392-7638-2460-36E4-8E557487B878</generatorID>
<ownerDesignName>modelo</ownerDesignName>
<indexState>Foreign Key</indexState>
<isSurrogateKey>false</isSurrogateKey>
<indexColumnUsage>
<colUsage columnID="D5A07896-7CE8-F293-8AA5-9B213A2F983A"/>
</indexColumnUsage>
</ind_PK_UK>
</indexes>
</Table>