<?xml version = '1.0' encoding = 'UTF-8'?>
<Table class="oracle.dbtools.crest.model.design.relational.Table" directorySegmentName="seg_0" id="89E3F781-3016-5BDB-1A7E-6D848E824C7B" name="RESERVA">
<createdBy>mimi</createdBy>
<createdTime>2024-10-12 07:12:30 UTC</createdTime>
<generatorID>4C91918F-0DFF-0460-2A98-B52348F5F394</generatorID>
<ownerDesignName>modelo</ownerDesignName>
<allowColumnReorder>false</allowColumnReorder>
<existDependencyGenerateInDDl>true</existDependencyGenerateInDDl>
<parsed>true</parsed>
<columns itemClass="oracle.dbtools.crest.model.design.relational.Column">
<Column name="id_reserva" id="96D82C60-37C3-771B-2806-CE10F4E627C1">
<createdBy>mimi</createdBy>
<createdTime>2024-10-12 07:12:30 UTC</createdTime>
<generatorID>79631DDF-27D3-11F5-4AAC-E7DC52FF5A85</generatorID>
<ownerDesignName>modelo</ownerDesignName>
<useDomainConstraints>false</useDomainConstraints>
<use>1</use>
<logicalDatatype>LOGDT011</logicalDatatype>
<ownDataTypeParameters>,,</ownDataTypeParameters>
<autoIncrementCycle>false</autoIncrementCycle>
</Column>
<Column name="fecha_reserva" id="26CDD469-2500-CE95-6682-AC1A19320FEC">
<createdBy>mimi</createdBy>
<createdTime>2024-10-12 07:12:30 UTC</createdTime>
<generatorID>EB9A19C6-1B76-CB20-52AE-F765AEB8FDCB</generatorID>
<ownerDesignName>modelo</ownerDesignName>
<useDomainConstraints>false</useDomainConstraints>
<use>1</use>
<logicalDatatype>LOGDT007</logicalDatatype>
<ownDataTypeParameters>,,</ownDataTypeParameters>
<autoIncrementCycle>false</autoIncrementCycle>
</Column>
<Column name="solicitante" id="9D9A8005-2DD2-15AB-CB25-5529CC037F33">
<createdBy>mimi</createdBy>
<createdTime>2024-10-12 07:12:30 UTC</createdTime>
<generatorID>5C563E4D-F153-F664-E1D8-55C4722757F8</generatorID>
<ownerDesignName>modelo</ownerDesignName>
<useDomainConstraints>false</useDomainConstraints>
<use>1</use>
<logicalDatatype>LOGDT024</logicalDatatype>
<dataTypeSize>60</dataTypeSize>
<ownDataTypeParameters>60,,</ownDataTypeParameters>
<autoIncrementCycle>false</autoIncrementCycle>
</Column>
<Column name="horario_inicio" id="7B147DD9-7CF5-BF5D-C041-3F198884192A">
<createdBy>mimi</createdBy>
<createdTime>2024-10-12 07:12:30 UTC</createdTime>
<generatorID>4BB34B00-A18D-4D62-1885-A672CE118D18</generatorID>
<ownerDesignName>modelo</ownerDesignName>
<useDomainConstraints>false</useDomainConstraints>
<use>1</use>
<logicalDatatype>LOGDT014</logicalDatatype>
<ownDataTypeParameters>,,</ownDataTypeParameters>
<autoIncrementCycle>false</autoIncrementCycle>
</Column>
<Column name="horario_fin" id="9511CD79-E200-4895-3AC7-D914E68F4297">
<createdBy>mimi</createdBy>
<createdTime>2024-10-12 07:12:30 UTC</createdTime>
<generatorID>F8FFE683-A71E-3AB3-5FCA-5B3BD80BB8F9</generatorID>
<ownerDesignName>modelo</ownerDesignName>
<useDomainConstraints>false</useDomainConstraints>
<use>1</use>
<logicalDatatype>LOGDT014</logicalDatatype>
<ownDataTypeParameters>,,</ownDataTypeParameters>
<autoIncrementCycle>false</autoIncrementCycle>
</Column>
<Column name="notas_adicionales" id="E1C7D1E5-4FDD-BAC3-B2DF-30F09C553E1F">
<createdBy>mimi</createdBy>
<createdTime>2024-10-13 04:16:59 UTC</createdTime>
<generatorID>A78EE886-189E-E4E6-F032-63B04EDFA842</generatorID>
<ownerDesignName>modelo</ownerDesignName>
<nullsAllowed>true</nullsAllowed>
<useDomainConstraints>false</useDomainConstraints>
<use>1</use>
<logicalDatatype>LOGDT024</logicalDatatype>
<dataTypeSize>90</dataTypeSize>
<ownDataTypeParameters>90,,</ownDataTypeParameters>
<autoIncrementCycle>false</autoIncrementCycle>
</Column>
<Column name="id_activ" id="92D47E51-F9A8-EEE3-5F26-8182307CE6BC">
<createdBy>GOLDEN GAMERS</createdBy>
<createdTime>2024-10-13 07:02:40 UTC</createdTime>
<ownerDesignName>modelo</ownerDesignName>
<useDomainConstraints>false</useDomainConstraints>
<use>1</use>
<logicalDatatype>LOGDT011</logicalDatatype>
<ownDataTypeParameters>,,</ownDataTypeParameters>
<previousColumn>false</previousColumn>
<autoIncrementCycle>false</autoIncrementCycle>
<associations>
<colAssociation fkAssociation="A0D51491-A1E6-09B0-1A06-54B4F82C7004" referredColumn="0BDF32D7-C71C-1675-F3FE-C1221B27DC2E"/>
</associations>
</Column>
<Column name="ESPACIO_id_espacio" id="E4C95BDB-C78B-D70C-98AE-77DDA9EFACD6">
<createdBy>GOLDEN GAMERS</createdBy>
<createdTime>2024-10-13 07:04:14 UTC</createdTime>
<ownerDesignName>modelo</ownerDesignName>
<useDomainConstraints>false</useDomainConstraints>
<use>1</use>
<logicalDatatype>LOGDT011</logicalDatatype>
<ownDataTypeParameters>,,</ownDataTypeParameters>
<previousColumn>false</previousColumn>
<autoIncrementCycle>false</autoIncrementCycle>
<associations>
<colAssociation fkAssociation="3C7DF479-E4E9-C790-C181-2B0D58A4E012" referredColumn="4477C26E-FD51-C0DD-D24D-2FE7DFE46F56"/>
</associations>
</Column>
<Column name="id_usuario" id="3F341D5C-53E1-81A4-66A7-50749A357763">
<createdBy>GOLDEN GAMERS</createdBy>
<createdTime>2024-10-14 23:10:51 UTC</createdTime>
<generatorID>07029A94-AA4A-E898-406F-C9A8366C030B</generatorID>
<ownerDesignName>modelo</ownerDesignName>
<useDomainConstraints>false</useDomainConstraints>
<use>1</use>
<logicalDatatype>LOGDT027</logicalDatatype>
<ownDataTypeParameters>,,</ownDataTypeParameters>
<previousColumn>false</previousColumn>
<autoIncrementCycle>false</autoIncrementCycle>
<associations>
<colAssociation fkAssociation="80212F0C-288D-76E7-133E-9907FB912B80" referredColumn="C6D18E50-62A1-8A71-8C4A-50758C2482FB"/>
</associations>
</Column>
</columns>
<indexes itemClass="oracle.dbtools.crest.model.design.relational.Index">
<ind_PK_UK id="05319E3C-156B-F732-64E6-7D4D85C9A739" name="RESERVA_PK">
<createdBy>mimi</createdBy>
<createdTime>2024-10-12 07:12:30 UTC</createdTime>
<generatorID>E1FFF1F3-68FF-531F-D524-39837AA294D6</generatorID>
<ownerDesignName>modelo</ownerDesignName>
<pk>true</pk>
<indexState>Primary Constraint</indexState>
<isSurrogateKey>false</isSurrogateKey>
<indexColumnUsage>
<colUsage columnID="96D82C60-37C3-771B-2806-CE10F4E627C1"/>
</indexColumnUsage>
</ind_PK_UK>
<ind_PK_UK id="EEB7D95B-A583-1AFF-B9C4-0B69ADAF6E5D" name="RESERVA_ACTIVIDAD_FK">
<createdBy>GOLDEN GAMERS</createdBy>
<createdTime>2024-10-13 07:02:40 UTC</createdTime>
<ownerDesignName>modelo</ownerDesignName>
<indexState>Foreign Key</indexState>
<isSurrogateKey>false</isSurrogateKey>
<indexColumnUsage>
<colUsage columnID="92D47E51-F9A8-EEE3-5F26-8182307CE6BC"/>
</indexColumnUsage>
</ind_PK_UK>
<ind_PK_UK id="3AF6220E-C39E-6ED3-D07E-C302953CBD7F" name="RESERVA_ESPACIO_FK">
<createdBy>GOLDEN GAMERS</createdBy>
<createdTime>2024-10-13 07:04:14 UTC</createdTime>
<generatorID>94BB1C08-EC5F-AFDD-1568-A7F915FCFC8E</generatorID>
<ownerDesignName>modelo</ownerDesignName>
<indexState>Foreign Key</indexState>
<isSurrogateKey>false</isSurrogateKey>
<indexColumnUsage>
<colUsage columnID="E4C95BDB-C78B-D70C-98AE-77DDA9EFACD6"/>
</indexColumnUsage>
</ind_PK_UK>
<ind_PK_UK id="46708851-1355-CFF0-8898-22FCF4E3CB71" name="RESERVA_USUARIO_FK">
<createdBy>GOLDEN GAMERS</createdBy>
<createdTime>2024-10-14 23:10:51 UTC</createdTime>
<generatorID>0FDC4F20-47EB-B05E-CA2C-31E570BAC6EE</generatorID>
<ownerDesignName>modelo</ownerDesignName>
<indexState>Foreign Key</indexState>
<isSurrogateKey>false</isSurrogateKey>
<indexColumnUsage>
<colUsage columnID="3F341D5C-53E1-81A4-66A7-50749A357763"/>
</indexColumnUsage>
</ind_PK_UK>
</indexes>
</Table>