<?xml version = '1.0' encoding = 'UTF-8'?>
<Table class="oracle.dbtools.crest.model.design.relational.Table" directorySegmentName="seg_0" id="94EE4BAD-000D-A5C2-97E9-B9C4ED486B9A" name="CERTIFICADO">
<createdBy>mimi</createdBy>
<createdTime>2024-10-12 07:12:30 UTC</createdTime>
<generatorID>C0661CB5-16D1-DB05-F718-03401C5C2BF8</generatorID>
<ownerDesignName>modelo</ownerDesignName>
<allowColumnReorder>false</allowColumnReorder>
<existDependencyGenerateInDDl>true</existDependencyGenerateInDDl>
<parsed>true</parsed>
<columns itemClass="oracle.dbtools.crest.model.design.relational.Column">
<Column name="id_certificado" id="FA9D7C0B-F9EF-E2EB-DD10-294F19031C4C">
<createdBy>mimi</createdBy>
<createdTime>2024-10-12 07:12:30 UTC</createdTime>
<generatorID>DD5052DC-A098-572A-ADC5-0D72A08F5A25</generatorID>
<ownerDesignName>modelo</ownerDesignName>
<useDomainConstraints>false</useDomainConstraints>
<use>1</use>
<logicalDatatype>LOGDT011</logicalDatatype>
<ownDataTypeParameters>,,</ownDataTypeParameters>
<autoIncrementCycle>false</autoIncrementCycle>
</Column>
<Column name="lugar_nacimiento" id="8D1AF16A-4EEE-D24F-0E36-25ACB9DB9E5B">
<createdBy>mimi</createdBy>
<createdTime>2024-10-12 07:12:30 UTC</createdTime>
<generatorID>1DE20B0D-3A94-6D6D-6252-3C76B4295AF7</generatorID>
<ownerDesignName>modelo</ownerDesignName>
<useDomainConstraints>false</useDomainConstraints>
<use>1</use>
<logicalDatatype>LOGDT024</logicalDatatype>
<dataTypeSize>50</dataTypeSize>
<ownDataTypeParameters>50,,</ownDataTypeParameters>
<autoIncrementCycle>false</autoIncrementCycle>
</Column>
<Column name="fecha_nacimiento" id="B4BB8BFE-2A09-9DC0-E47B-A61637E49492">
<createdBy>mimi</createdBy>
<createdTime>2024-10-13 02:24:43 UTC</createdTime>
<ownerDesignName>modelo</ownerDesignName>
<useDomainConstraints>false</useDomainConstraints>
<use>1</use>
<logicalDatatype>LOGDT007</logicalDatatype>
<ownDataTypeParameters>,,</ownDataTypeParameters>
<autoIncrementCycle>false</autoIncrementCycle>
</Column>
<Column name="fecha_emision" id="F4F961D4-FBB4-DB1A-B44F-E95097B8AB3B">
<createdBy>mimi</createdBy>
<createdTime>2024-10-12 07:12:30 UTC</createdTime>
<commentInRDBMS><![CDATA[Fecha emision del documento]]></commentInRDBMS>
<generatorID>949E5807-BF48-1A25-504F-E6EAEA493F43</generatorID>
<ownerDesignName>modelo</ownerDesignName>
<useDomainConstraints>false</useDomainConstraints>
<use>1</use>
<logicalDatatype>LOGDT007</logicalDatatype>
<ownDataTypeParameters>,,</ownDataTypeParameters>
<autoIncrementCycle>false</autoIncrementCycle>
</Column>
<Column name="fecha_creacion" id="B8102E4E-7A6E-2C50-C99A-6DE4B182CAD5">
<createdBy>mimi</createdBy>
<createdTime>2024-10-13 02:19:15 UTC</createdTime>
<commentInRDBMS><![CDATA[Fecha de realizacion del documento]]></commentInRDBMS>
<ownerDesignName>modelo</ownerDesignName>
<useDomainConstraints>false</useDomainConstraints>
<use>1</use>
<logicalDatatype>LOGDT007</logicalDatatype>
<ownDataTypeParameters>,,</ownDataTypeParameters>
<autoIncrementCycle>false</autoIncrementCycle>
</Column>
<Column name="notas_adicionales" id="442AB258-E4B3-A5DF-6495-EAFB6726F075">
<createdBy>mimi</createdBy>
<createdTime>2024-10-13 02:23:40 UTC</createdTime>
<ownerDesignName>modelo</ownerDesignName>
<nullsAllowed>true</nullsAllowed>
<useDomainConstraints>false</useDomainConstraints>
<use>1</use>
<logicalDatatype>LOGDT024</logicalDatatype>
<dataTypeSize>80</dataTypeSize>
<ownDataTypeParameters>80,,</ownDataTypeParameters>
<autoIncrementCycle>false</autoIncrementCycle>
</Column>
<Column name="nro_libro" id="B7207DA0-3FC7-F740-44D2-94B16413B6D7">
<createdBy>mimi</createdBy>
<createdTime>2024-10-13 04:16:59 UTC</createdTime>
<generatorID>F9A42CAC-12F3-EE73-E94D-CB1FA79EFC4A</generatorID>
<ownerDesignName>modelo</ownerDesignName>
<useDomainConstraints>false</useDomainConstraints>
<use>1</use>
<logicalDatatype>LOGDT019</logicalDatatype>
<dataTypePrecision>5</dataTypePrecision>
<ownDataTypeParameters>,5,</ownDataTypeParameters>
<autoIncrementCycle>false</autoIncrementCycle>
</Column>
<Column name="pag_libro" id="9C61C706-3EED-4C81-E669-DF9B14C3239A">
<createdBy>mimi</createdBy>
<createdTime>2024-10-13 04:16:59 UTC</createdTime>
<generatorID>D2C8EC95-18E1-F805-C1FC-960A9311626D</generatorID>
<ownerDesignName>modelo</ownerDesignName>
<useDomainConstraints>false</useDomainConstraints>
<use>1</use>
<logicalDatatype>LOGDT019</logicalDatatype>
<dataTypePrecision>5</dataTypePrecision>
<ownDataTypeParameters>,5,</ownDataTypeParameters>
<autoIncrementCycle>false</autoIncrementCycle>
</Column>
<Column name="INT_PADRINO_id_cert_padr" id="97B16958-140C-8461-75D5-54636ABCA0EE">
<createdBy>GOLDEN GAMERS</createdBy>
<createdTime>2024-10-13 07:33:42 UTC</createdTime>
<ownerDesignName>modelo</ownerDesignName>
<useDomainConstraints>false</useDomainConstraints>
<use>1</use>
<logicalDatatype>LOGDT011</logicalDatatype>
<ownDataTypeParameters>,,</ownDataTypeParameters>
<previousColumn>false</previousColumn>
<autoIncrementCycle>false</autoIncrementCycle>
<associations>
<colAssociation fkAssociation="EB14FAA5-2374-CA30-624E-E7A521E6798C" referredColumn="114C84CE-FA50-A34E-77AA-7BA3163EF8B7"/>
</associations>
</Column>
<Column name="TRANSAC_FINANCIERA_id_transac" id="F548A73C-C7FF-F109-2A1A-595479EEC6E8">
<createdBy>GOLDEN GAMERS</createdBy>
<createdTime>2024-10-13 19:46:33 UTC</createdTime>
<ownerDesignName>modelo</ownerDesignName>
<useDomainConstraints>false</useDomainConstraints>
<use>1</use>
<logicalDatatype>LOGDT011</logicalDatatype>
<ownDataTypeParameters>,,</ownDataTypeParameters>
<previousColumn>false</previousColumn>
<autoIncrementCycle>false</autoIncrementCycle>
<associations>
<colAssociation fkAssociation="1270AE9D-9010-45AD-A71F-4917B14D2474" referredColumn="F9BD8622-C922-9F6B-4BD3-74690EE47395"/>
</associations>
</Column>
<Column name="ACTO_id_acto" id="5D0A2B92-F011-4B32-F341-C989A221B469">
<createdBy>GOLDEN GAMERS</createdBy>
<createdTime>2024-10-15 03:02:15 UTC</createdTime>
<ownerDesignName>modelo</ownerDesignName>
<useDomainConstraints>false</useDomainConstraints>
<use>1</use>
<logicalDatatype>LOGDT027</logicalDatatype>
<ownDataTypeParameters>,,</ownDataTypeParameters>
<previousColumn>false</previousColumn>
<autoIncrementCycle>false</autoIncrementCycle>
<associations>
<colAssociation fkAssociation="7718A244-3CB8-2C76-8C98-090979CD31AB" referredColumn="D7450163-EB3D-512A-2408-7D1C21303993"/>
</associations>
</Column>
</columns>
<indexes itemClass="oracle.dbtools.crest.model.design.relational.Index">
<ind_PK_UK id="9103B1E0-0584-30C6-041D-9F1AD2E93E74" name="CERTIFICADO_PK">
<createdBy>mimi</createdBy>
<createdTime>2024-10-12 07:12:30 UTC</createdTime>
<generatorID>A97C4A7B-032E-834A-7405-607720803BB5</generatorID>
<ownerDesignName>modelo</ownerDesignName>
<pk>true</pk>
<indexState>Primary Constraint</indexState>
<isSurrogateKey>false</isSurrogateKey>
<indexColumnUsage>
<colUsage columnID="FA9D7C0B-F9EF-E2EB-DD10-294F19031C4C"/>
</indexColumnUsage>
</ind_PK_UK>
<ind_PK_UK id="6A066C83-7A00-7A0E-9811-09AB87F15545" name="CERTIFICADO_INT_PADRINO_FK">
<createdBy>GOLDEN GAMERS</createdBy>
<createdTime>2024-10-13 07:33:42 UTC</createdTime>
<ownerDesignName>modelo</ownerDesignName>
<indexState>Foreign Key</indexState>
<isSurrogateKey>false</isSurrogateKey>
<indexColumnUsage>
<colUsage columnID="97B16958-140C-8461-75D5-54636ABCA0EE"/>
</indexColumnUsage>
</ind_PK_UK>
<ind_PK_UK id="4923C153-9AA8-5860-11FD-70EA13C85163" name="CERTIFICADO_TRANSAC_FINANCIERA_FK">
<createdBy>GOLDEN GAMERS</createdBy>
<createdTime>2024-10-13 19:46:33 UTC</createdTime>
<generatorID>379B837C-9117-BA88-0B77-40C97966A755</generatorID>
<ownerDesignName>modelo</ownerDesignName>
<indexState>Foreign Key</indexState>
<isSurrogateKey>false</isSurrogateKey>
<indexColumnUsage>
<colUsage columnID="F548A73C-C7FF-F109-2A1A-595479EEC6E8"/>
</indexColumnUsage>
</ind_PK_UK>
<ind_PK_UK id="7C3CAD5E-3D4D-DD23-82F8-218D9AC89889" name="CERTIFICADO_ACTO_FK">
<createdBy>GOLDEN GAMERS</createdBy>
<createdTime>2024-10-15 03:02:15 UTC</createdTime>
<ownerDesignName>modelo</ownerDesignName>
<indexState>Foreign Key</indexState>
<isSurrogateKey>false</isSurrogateKey>
<indexColumnUsage>
<colUsage columnID="5D0A2B92-F011-4B32-F341-C989A221B469"/>
</indexColumnUsage>
</ind_PK_UK>
</indexes>
</Table>