<?xml version = '1.0' encoding = 'UTF-8'?>
<Table class="oracle.dbtools.crest.model.design.relational.Table" directorySegmentName="seg_0" id="A1FBA5D0-B281-8E75-94E8-B20D7DA3808A" name="ACTIVIDAD">
<createdBy>mimi</createdBy>
<createdTime>2024-10-13 03:13:09 UTC</createdTime>
<ownerDesignName>modelo</ownerDesignName>
<ordsAlias>table_33</ordsAlias>
<allowColumnReorder>false</allowColumnReorder>
<existDependencyGenerateInDDl>true</existDependencyGenerateInDDl>
<parsed>true</parsed>
<columns itemClass="oracle.dbtools.crest.model.design.relational.Column">
<Column name="id_activ" id="0BDF32D7-C71C-1675-F3FE-C1221B27DC2E">
<createdBy>mimi</createdBy>
<createdTime>2024-10-13 03:15:00 UTC</createdTime>
<ownerDesignName>modelo</ownerDesignName>
<useDomainConstraints>false</useDomainConstraints>
<use>1</use>
<logicalDatatype>LOGDT011</logicalDatatype>
<ownDataTypeParameters>,,</ownDataTypeParameters>
<autoIncrementCycle>false</autoIncrementCycle>
</Column>
<Column name="descripcion" id="1809997B-BA9C-08FD-3141-55042A6C9DAA">
<createdBy>mimi</createdBy>
<createdTime>2024-10-13 03:15:00 UTC</createdTime>
<ownerDesignName>modelo</ownerDesignName>
<nullsAllowed>true</nullsAllowed>
<useDomainConstraints>false</useDomainConstraints>
<use>1</use>
<logicalDatatype>LOGDT024</logicalDatatype>
<dataTypeSize>80</dataTypeSize>
<ownDataTypeParameters>80,,</ownDataTypeParameters>
<autoIncrementCycle>false</autoIncrementCycle>
</Column>
<Column name="TIPO_ACTIVIDAD_id_tip_acr" id="1C7480AB-2BF4-EA45-26BE-7058F0B2A580">
<createdBy>GOLDEN GAMERS</createdBy>
<createdTime>2024-10-13 06:58:02 UTC</createdTime>
<ownerDesignName>modelo</ownerDesignName>
<useDomainConstraints>false</useDomainConstraints>
<use>1</use>
<logicalDatatype>LOGDT011</logicalDatatype>
<ownDataTypeParameters>,,</ownDataTypeParameters>
<previousColumn>false</previousColumn>
<autoIncrementCycle>false</autoIncrementCycle>
<associations>
<colAssociation fkAssociation="45B76BBB-C92F-4766-C610-E23F72518F9C" referredColumn="EA3AD664-2280-F499-B5F1-A9521C4D3FEC"/>
</associations>
</Column>
<Column name="TRANSAC_FINANCIERA_id_transac" id="B6D04007-B074-FA35-A4A0-C4BDF522D77B">
<createdBy>GOLDEN GAMERS</createdBy>
<createdTime>2024-10-13 19:43:23 UTC</createdTime>
<ownerDesignName>modelo</ownerDesignName>
<useDomainConstraints>false</useDomainConstraints>
<use>1</use>
<logicalDatatype>LOGDT011</logicalDatatype>
<ownDataTypeParameters>,,</ownDataTypeParameters>
<previousColumn>false</previousColumn>
<autoIncrementCycle>false</autoIncrementCycle>
<associations>
<colAssociation fkAssociation="18A2E284-EBF8-1701-08E9-F58AB354B097" referredColumn="F9BD8622-C922-9F6B-4BD3-74690EE47395"/>
</associations>
</Column>
</columns>
<indexes itemClass="oracle.dbtools.crest.model.design.relational.Index">
<ind_PK_UK id="463C0F95-B14D-950A-F928-B53CBCE157C9" name="ACTIVIDAD_PK">
<createdBy>mimi</createdBy>
<createdTime>2024-10-13 03:15:00 UTC</createdTime>
<ownerDesignName>modelo</ownerDesignName>
<pk>true</pk>
<indexState>Primary Constraint</indexState>
<isSurrogateKey>false</isSurrogateKey>
<indexColumnUsage>
<colUsage columnID="0BDF32D7-C71C-1675-F3FE-C1221B27DC2E"/>
</indexColumnUsage>
</ind_PK_UK>
<ind_PK_UK id="5C114991-5EF2-E480-1984-5DE09D596B57" name="ACTIVIDAD_TIPO_ACTIVIDAD_FK">
<createdBy>GOLDEN GAMERS</createdBy>
<createdTime>2024-10-13 06:58:02 UTC</createdTime>
<generatorID>9B16E266-9630-06EC-7320-F9F0407A2757</generatorID>
<ownerDesignName>modelo</ownerDesignName>
<indexState>Foreign Key</indexState>
<isSurrogateKey>false</isSurrogateKey>
<indexColumnUsage>
<colUsage columnID="1C7480AB-2BF4-EA45-26BE-7058F0B2A580"/>
</indexColumnUsage>
</ind_PK_UK>
<ind_PK_UK id="820029B3-2595-1C19-3DB7-52CDFC1CE322" name="ACTIVIDAD_TRANSAC_FINANCIERA_FK">
<createdBy>GOLDEN GAMERS</createdBy>
<createdTime>2024-10-13 19:43:23 UTC</createdTime>
<generatorID>379B837C-9117-BA88-0B77-40C97966A755</generatorID>
<ownerDesignName>modelo</ownerDesignName>
<indexState>Foreign Key</indexState>
<isSurrogateKey>false</isSurrogateKey>
<indexColumnUsage>
<colUsage columnID="B6D04007-B074-FA35-A4A0-C4BDF522D77B"/>
</indexColumnUsage>
</ind_PK_UK>
</indexes>
</Table>