<?xml version = '1.0' encoding = 'UTF-8'?>
<Table class="oracle.dbtools.crest.model.design.relational.Table" directorySegmentName="seg_0" id="AD0E1D00-E40C-E4D3-D8FC-EBBD5004D5CE" name="PADRINO">
<createdBy>mimi</createdBy>
<createdTime>2024-10-12 07:12:30 UTC</createdTime>
<generatorID>D1C09AB1-B241-456B-F236-DD725A7D428F</generatorID>
<ownerDesignName>modelo</ownerDesignName>
<allowColumnReorder>false</allowColumnReorder>
<existDependencyGenerateInDDl>true</existDependencyGenerateInDDl>
<parsed>true</parsed>
<columns itemClass="oracle.dbtools.crest.model.design.relational.Column">
<Column name="id_padrino" id="83D39D88-4264-F639-0685-4DEFA53AEA87">
<createdBy>mimi</createdBy>
<createdTime>2024-10-12 07:12:30 UTC</createdTime>
<generatorID>8E0E7683-516A-F4C0-3DA8-F96F911C360A</generatorID>
<ownerDesignName>modelo</ownerDesignName>
<useDomainConstraints>false</useDomainConstraints>
<use>1</use>
<logicalDatatype>LOGDT011</logicalDatatype>
<ownDataTypeParameters>,,</ownDataTypeParameters>
<autoIncrementCycle>false</autoIncrementCycle>
</Column>
<Column name="primer_nombre" id="93EF6B2A-8CEF-09A9-4B3C-BC35560227F8">
<createdBy>mimi</createdBy>
<createdTime>2024-10-12 07:12:30 UTC</createdTime>
<generatorID>AFF257EC-3402-147B-558C-9CE6D5B88D82</generatorID>
<ownerDesignName>modelo</ownerDesignName>
<useDomainConstraints>false</useDomainConstraints>
<use>1</use>
<logicalDatatype>LOGDT024</logicalDatatype>
<dataTypeSize>50</dataTypeSize>
<ownDataTypeParameters>50,,</ownDataTypeParameters>
<autoIncrementCycle>false</autoIncrementCycle>
</Column>
<Column name="segundo_nombre" id="710CA08F-60AD-1933-9D5C-FA8C0D71D2C5">
<createdBy>mimi</createdBy>
<createdTime>2024-10-12 07:12:30 UTC</createdTime>
<generatorID>FDE4A550-869D-6176-3833-7C101FA99865</generatorID>
<ownerDesignName>modelo</ownerDesignName>
<nullsAllowed>true</nullsAllowed>
<useDomainConstraints>false</useDomainConstraints>
<use>1</use>
<logicalDatatype>LOGDT024</logicalDatatype>
<dataTypeSize>50</dataTypeSize>
<ownDataTypeParameters>50,,</ownDataTypeParameters>
<autoIncrementCycle>false</autoIncrementCycle>
</Column>
<Column name="primer_apellido" id="7D12B944-1C66-D0DD-62CD-E9419107F62B">
<createdBy>mimi</createdBy>
<createdTime>2024-10-12 07:12:30 UTC</createdTime>
<generatorID>584E153D-499F-1966-3969-549745AB4A00</generatorID>
<ownerDesignName>modelo</ownerDesignName>
<useDomainConstraints>false</useDomainConstraints>
<use>1</use>
<logicalDatatype>LOGDT024</logicalDatatype>
<dataTypeSize>60</dataTypeSize>
<ownDataTypeParameters>60,,</ownDataTypeParameters>
<autoIncrementCycle>false</autoIncrementCycle>
</Column>
<Column name="segundo_apellido" id="395FDA40-5F5E-0869-B9A3-58A46146F887">
<createdBy>mimi</createdBy>
<createdTime>2024-10-12 07:12:30 UTC</createdTime>
<generatorID>C3F8A04E-1A22-19F2-6FB8-3EA13D6C772D</generatorID>
<ownerDesignName>modelo</ownerDesignName>
<nullsAllowed>true</nullsAllowed>
<useDomainConstraints>false</useDomainConstraints>
<use>1</use>
<logicalDatatype>LOGDT024</logicalDatatype>
<dataTypeSize>60</dataTypeSize>
<ownDataTypeParameters>60,,</ownDataTypeParameters>
<autoIncrementCycle>false</autoIncrementCycle>
</Column>
</columns>
<indexes itemClass="oracle.dbtools.crest.model.design.relational.Index">
<ind_PK_UK id="33A81A90-1E25-CDF3-BAF0-E379FE9D785A" name="PADRINO_PK">
<createdBy>mimi</createdBy>
<createdTime>2024-10-12 07:12:30 UTC</createdTime>
<generatorID>03EBFC45-CF19-826E-100E-4F65AD0FF1B0</generatorID>
<ownerDesignName>modelo</ownerDesignName>
<pk>true</pk>
<indexState>Primary Constraint</indexState>
<isSurrogateKey>false</isSurrogateKey>
<indexColumnUsage>
<colUsage columnID="83D39D88-4264-F639-0685-4DEFA53AEA87"/>
</indexColumnUsage>
</ind_PK_UK>
</indexes>
</Table>