<?xml version = '1.0' encoding = 'UTF-8'?>
<Table class="oracle.dbtools.crest.model.design.relational.Table" directorySegmentName="seg_0" id="AE59CB01-E8E4-F581-1B1F-D76124709F9A" name="CERT_ENC_BAUTISMAL">
<createdBy>GOLDEN GAMERS</createdBy>
<createdTime>2024-10-15 02:58:34 UTC</createdTime>
<ownerDesignName>modelo</ownerDesignName>
<ordsAlias>table_22</ordsAlias>
<allowColumnReorder>false</allowColumnReorder>
<existDependencyGenerateInDDl>true</existDependencyGenerateInDDl>
<parsed>true</parsed>
<columns itemClass="oracle.dbtools.crest.model.design.relational.Column">
<Column name="id_encuentro" id="BA462FED-2D2B-0657-9707-1E11C4246A30">
<createdBy>GOLDEN GAMERS</createdBy>
<createdTime>2024-10-15 02:59:27 UTC</createdTime>
<ownerDesignName>modelo</ownerDesignName>
<useDomainConstraints>false</useDomainConstraints>
<use>1</use>
<logicalDatatype>LOGDT027</logicalDatatype>
<ownDataTypeParameters>,,</ownDataTypeParameters>
<autoIncrementCycle>false</autoIncrementCycle>
</Column>
<Column name="ahijado" id="32B63B9C-EB52-2C6E-0419-CF0768E25E90">
<createdBy>GOLDEN GAMERS</createdBy>
<createdTime>2024-10-15 02:59:27 UTC</createdTime>
<ownerDesignName>modelo</ownerDesignName>
<useDomainConstraints>false</useDomainConstraints>
<use>1</use>
<logicalDatatype>LOGDT024</logicalDatatype>
<dataTypeSize>50</dataTypeSize>
<ownDataTypeParameters>50,,</ownDataTypeParameters>
<autoIncrementCycle>false</autoIncrementCycle>
</Column>
<Column name="CERTIFICADO_id_certificado" id="F5FBBAEB-DCA4-E055-5A6E-D311751BF793">
<createdBy>GOLDEN GAMERS</createdBy>
<createdTime>2024-10-15 03:06:04 UTC</createdTime>
<ownerDesignName>modelo</ownerDesignName>
<useDomainConstraints>false</useDomainConstraints>
<use>1</use>
<logicalDatatype>LOGDT011</logicalDatatype>
<ownDataTypeParameters>,,</ownDataTypeParameters>
<previousColumn>false</previousColumn>
<autoIncrementCycle>false</autoIncrementCycle>
<associations>
<colAssociation fkAssociation="42F3AC54-1D2C-6CC4-D7DB-B8791F08C3D8" referredColumn="FA9D7C0B-F9EF-E2EB-DD10-294F19031C4C"/>
</associations>
</Column>
</columns>
<indexes itemClass="oracle.dbtools.crest.model.design.relational.Index">
<ind_PK_UK id="64AE5C87-887A-DDD6-3628-D470761BC60C" name="CERT_ENC_BAUTISMAL_PK">
<createdBy>GOLDEN GAMERS</createdBy>
<createdTime>2024-10-15 02:59:27 UTC</createdTime>
<ownerDesignName>modelo</ownerDesignName>
<pk>true</pk>
<indexState>Primary Constraint</indexState>
<isSurrogateKey>false</isSurrogateKey>
<indexColumnUsage>
<colUsage columnID="BA462FED-2D2B-0657-9707-1E11C4246A30"/>
</indexColumnUsage>
</ind_PK_UK>
<ind_PK_UK id="2A2AB444-4F3B-B6BC-CF79-A065E3359B49" name="CERT_ENC_BAUTISMAL_CERTIFICADO_FK">
<createdBy>GOLDEN GAMERS</createdBy>
<createdTime>2024-10-15 03:06:04 UTC</createdTime>
<generatorID>A97C4A7B-032E-834A-7405-607720803BB5</generatorID>
<ownerDesignName>modelo</ownerDesignName>
<indexState>Foreign Key</indexState>
<isSurrogateKey>false</isSurrogateKey>
<indexColumnUsage>
<colUsage columnID="F5FBBAEB-DCA4-E055-5A6E-D311751BF793"/>
</indexColumnUsage>
</ind_PK_UK>
</indexes>
</Table>