<?xml version = '1.0' encoding = 'UTF-8'?>
<Table class="oracle.dbtools.crest.model.design.relational.Table" directorySegmentName="seg_0" id="D027E270-8B99-4439-7A09-201EA8B5430B" name="COMPROBANTE">
<createdBy>mimi</createdBy>
<createdTime>2024-10-12 07:12:30 UTC</createdTime>
<generatorID>962EA3FB-76B7-8904-8C23-A5ADEF920641</generatorID>
<ownerDesignName>modelo</ownerDesignName>
<allowColumnReorder>false</allowColumnReorder>
<existDependencyGenerateInDDl>true</existDependencyGenerateInDDl>
<parsed>true</parsed>
<columns itemClass="oracle.dbtools.crest.model.design.relational.Column">
<Column name="id_comprobante" id="C219F466-F619-4079-52E1-DA6113705BB5">
<createdBy>mimi</createdBy>
<createdTime>2024-10-12 07:12:30 UTC</createdTime>
<generatorID>255784D3-A9EF-4BA1-FC23-E8DB29CCCAC8</generatorID>
<ownerDesignName>modelo</ownerDesignName>
<useDomainConstraints>false</useDomainConstraints>
<use>1</use>
<logicalDatatype>LOGDT011</logicalDatatype>
<ownDataTypeParameters>,,</ownDataTypeParameters>
<autoIncrementCycle>false</autoIncrementCycle>
</Column>
<Column name="fecha_emision" id="FFE1F566-90DE-B677-8CA3-1A7BDCFCA06D">
<createdBy>mimi</createdBy>
<createdTime>2024-10-12 07:12:30 UTC</createdTime>
<generatorID>BD3D34F2-7624-ECBC-B48F-7221CAF53BBC</generatorID>
<ownerDesignName>modelo</ownerDesignName>
<useDomainConstraints>false</useDomainConstraints>
<use>1</use>
<logicalDatatype>LOGDT007</logicalDatatype>
<ownDataTypeParameters>,,</ownDataTypeParameters>
<autoIncrementCycle>false</autoIncrementCycle>
</Column>
<Column name="descripcion" id="0156487F-86C6-010B-6240-4EEEA2216140">
<createdBy>mimi</createdBy>
<createdTime>2024-10-12 07:12:30 UTC</createdTime>
<generatorID>EFF1FCA6-7761-CACA-E76B-40572F74EC79</generatorID>
<ownerDesignName>modelo</ownerDesignName>
<useDomainConstraints>false</useDomainConstraints>
<use>1</use>
<logicalDatatype>LOGDT024</logicalDatatype>
<dataTypeSize>90</dataTypeSize>
<ownDataTypeParameters>90,,</ownDataTypeParameters>
<autoIncrementCycle>false</autoIncrementCycle>
</Column>
<Column name="id_feligres" id="58DA28E8-29DA-62B6-F791-79329B0B636F">
<createdBy>GOLDEN GAMERS</createdBy>
<createdTime>2024-10-14 22:32:02 UTC</createdTime>
<ownerDesignName>modelo</ownerDesignName>
<useDomainConstraints>false</useDomainConstraints>
<use>1</use>
<logicalDatatype>LOGDT011</logicalDatatype>
<ownDataTypeParameters>,,</ownDataTypeParameters>
<previousColumn>false</previousColumn>
<autoIncrementCycle>false</autoIncrementCycle>
<associations>
<colAssociation fkAssociation="06C5CE90-3777-4A26-F8A4-9C93290371E9" referredColumn="EFDBBB3A-E962-5FFE-04B7-B6975981C3BB"/>
</associations>
</Column>
</columns>
<indexes itemClass="oracle.dbtools.crest.model.design.relational.Index">
<ind_PK_UK id="DE774429-E4EF-162D-A8E4-D6FDDCC92216" name="COMPROBANTE_PK">
<createdBy>mimi</createdBy>
<createdTime>2024-10-12 07:12:30 UTC</createdTime>
<generatorID>0D144BD1-E104-DDFA-0060-866C56329A76</generatorID>
<ownerDesignName>modelo</ownerDesignName>
<pk>true</pk>
<indexState>Primary Constraint</indexState>
<isSurrogateKey>false</isSurrogateKey>
<indexColumnUsage>
<colUsage columnID="C219F466-F619-4079-52E1-DA6113705BB5"/>
</indexColumnUsage>
</ind_PK_UK>
<ind_PK_UK id="E89899F5-5BEB-822A-FDC7-8A9896AFEF4C" name="COMPROBANTE_FELIGRES_FK">
<createdBy>GOLDEN GAMERS</createdBy>
<createdTime>2024-10-14 22:32:02 UTC</createdTime>
<generatorID>1F48B64F-F7FA-50A0-D38B-01138539BD76</generatorID>
<ownerDesignName>modelo</ownerDesignName>
<indexState>Foreign Key</indexState>
<isSurrogateKey>false</isSurrogateKey>
<indexColumnUsage>
<colUsage columnID="58DA28E8-29DA-62B6-F791-79329B0B636F"/>
</indexColumnUsage>
</ind_PK_UK>
</indexes>
</Table>