<?xml version = '1.0' encoding = 'UTF-8'?>
<Table class="oracle.dbtools.crest.model.design.relational.Table" directorySegmentName="seg_0" id="D1609277-2739-9F6F-8A64-48FB066C0DDA" name="ESTADO_RESERVA">
<createdBy>mimi</createdBy>
<createdTime>2024-10-13 04:16:59 UTC</createdTime>
<generatorID>50966CD8-7249-00AB-0A7F-9A21C27181BD</generatorID>
<ownerDesignName>modelo</ownerDesignName>
<allowColumnReorder>false</allowColumnReorder>
<existDependencyGenerateInDDl>true</existDependencyGenerateInDDl>
<parsed>true</parsed>
<columns itemClass="oracle.dbtools.crest.model.design.relational.Column">
<Column name="id_est_reser" id="1650DF3C-E045-E01E-A134-DC6E66ACABE7">
<createdBy>mimi</createdBy>
<createdTime>2024-10-13 04:16:59 UTC</createdTime>
<generatorID>02489B61-AD9D-15CB-FFE7-203D3519AC19</generatorID>
<ownerDesignName>modelo</ownerDesignName>
<useDomainConstraints>false</useDomainConstraints>
<use>1</use>
<logicalDatatype>LOGDT011</logicalDatatype>
<ownDataTypeParameters>,,</ownDataTypeParameters>
<autoIncrementCycle>false</autoIncrementCycle>
</Column>
<Column name="nom_estado" id="B6E9404F-B3C7-3B92-EB0F-2B86AA3BF120">
<createdBy>mimi</createdBy>
<createdTime>2024-10-13 04:16:59 UTC</createdTime>
<generatorID>218B5530-0139-159B-FBB0-9F5C07AC68DF</generatorID>
<ownerDesignName>modelo</ownerDesignName>
<useDomainConstraints>false</useDomainConstraints>
<use>1</use>
<logicalDatatype>LOGDT024</logicalDatatype>
<dataTypeSize>90</dataTypeSize>
<ownDataTypeParameters>90,,</ownDataTypeParameters>
<autoIncrementCycle>false</autoIncrementCycle>
</Column>
</columns>
<indexes itemClass="oracle.dbtools.crest.model.design.relational.Index">
<ind_PK_UK id="A50E8C77-9810-B3FC-E90D-3BF291C01347" name="ESTADO_RESERVA_PK">
<createdBy>mimi</createdBy>
<createdTime>2024-10-13 04:16:59 UTC</createdTime>
<generatorID>F818C2B7-E9DD-6745-FC7E-5226A6F4526C</generatorID>
<ownerDesignName>modelo</ownerDesignName>
<pk>true</pk>
<indexState>Primary Constraint</indexState>
<isSurrogateKey>false</isSurrogateKey>
<indexColumnUsage>
<colUsage columnID="1650DF3C-E045-E01E-A134-DC6E66ACABE7"/>
</indexColumnUsage>
</ind_PK_UK>
</indexes>
</Table>