<?xml version = '1.0' encoding = 'UTF-8'?>
<Table class="oracle.dbtools.crest.model.design.relational.Table" directorySegmentName="seg_0" id="F7A4ACFE-E65C-B5B0-762E-0B8108209977" name="APORTE">
<createdBy>mimi</createdBy>
<createdTime>2024-10-12 07:12:30 UTC</createdTime>
<generatorID>84D3B81B-4D60-5B87-1C30-0DD23F72C3AF</generatorID>
<ownerDesignName>modelo</ownerDesignName>
<allowColumnReorder>false</allowColumnReorder>
<existDependencyGenerateInDDl>true</existDependencyGenerateInDDl>
<parsed>true</parsed>
<columns itemClass="oracle.dbtools.crest.model.design.relational.Column">
<Column name="id_aporte" id="EFBB79CE-FF72-C38A-1A7C-75403335A804">
<createdBy>mimi</createdBy>
<createdTime>2024-10-12 07:12:30 UTC</createdTime>
<generatorID>F4254CEE-A3D8-7A63-DC05-91C64318CB9E</generatorID>
<ownerDesignName>modelo</ownerDesignName>
<useDomainConstraints>false</useDomainConstraints>
<use>1</use>
<logicalDatatype>LOGDT011</logicalDatatype>
<ownDataTypeParameters>,,</ownDataTypeParameters>
<autoIncrementCycle>false</autoIncrementCycle>
</Column>
<Column name="monto" id="C371C8ED-9B87-D8A0-2B56-BE1B325FB3B2">
<createdBy>GOLDEN GAMERS</createdBy>
<createdTime>2024-10-13 19:42:10 UTC</createdTime>
<ownerDesignName>modelo</ownerDesignName>
<useDomainConstraints>false</useDomainConstraints>
<use>1</use>
<logicalDatatype>LOGDT019</logicalDatatype>
<dataTypePrecision>5</dataTypePrecision>
<ownDataTypeParameters>,5,</ownDataTypeParameters>
<autoIncrementCycle>false</autoIncrementCycle>
</Column>
<Column name="descripcion_aporte" id="612ED8E4-3340-860E-C841-302ABF9584BB">
<createdBy>mimi</createdBy>
<createdTime>2024-10-12 07:12:30 UTC</createdTime>
<generatorID>E75200C4-06BC-15F1-10AE-A15650E9765D</generatorID>
<ownerDesignName>modelo</ownerDesignName>
<useDomainConstraints>false</useDomainConstraints>
<use>1</use>
<logicalDatatype>LOGDT024</logicalDatatype>
<dataTypeSize>90</dataTypeSize>
<ownDataTypeParameters>90,,</ownDataTypeParameters>
<autoIncrementCycle>false</autoIncrementCycle>
</Column>
<Column name="fecha" id="39CEA901-5B04-F237-0A72-886D26E340AC">
<createdBy>mimi</createdBy>
<createdTime>2024-10-12 07:12:30 UTC</createdTime>
<generatorID>360B0CC8-F93E-3A14-4872-94CFB2661AB6</generatorID>
<ownerDesignName>modelo</ownerDesignName>
<useDomainConstraints>false</useDomainConstraints>
<use>1</use>
<logicalDatatype>LOGDT007</logicalDatatype>
<ownDataTypeParameters>,,</ownDataTypeParameters>
<autoIncrementCycle>false</autoIncrementCycle>
</Column>
<Column name="COMPROBANTE_id_comprobante" id="5E8A0B5E-1FCB-B34A-B94F-10BF1975F082">
<createdBy>GOLDEN GAMERS</createdBy>
<createdTime>2024-10-13 19:54:34 UTC</createdTime>
<ownerDesignName>modelo</ownerDesignName>
<useDomainConstraints>false</useDomainConstraints>
<use>1</use>
<logicalDatatype>LOGDT011</logicalDatatype>
<ownDataTypeParameters>,,</ownDataTypeParameters>
<autoIncrementCycle>false</autoIncrementCycle>
<associations>
<colAssociation fkAssociation="7B0010ED-8360-5669-B179-DDBE89CE7449" referredColumn="C219F466-F619-4079-52E1-DA6113705BB5"/>
</associations>
</Column>
</columns>
<indexes itemClass="oracle.dbtools.crest.model.design.relational.Index">
<ind_PK_UK id="73545794-FD13-E386-2A68-CF1715D14D3F" name="APORTE_PK">
<createdBy>mimi</createdBy>
<createdTime>2024-10-12 07:12:30 UTC</createdTime>
<generatorID>60B6FCCC-E2B5-8EF2-8EF2-8198E797AE00</generatorID>
<ownerDesignName>modelo</ownerDesignName>
<pk>true</pk>
<indexState>Primary Constraint</indexState>
<isSurrogateKey>false</isSurrogateKey>
<indexColumnUsage>
<colUsage columnID="EFBB79CE-FF72-C38A-1A7C-75403335A804"/>
</indexColumnUsage>
</ind_PK_UK>
<ind_PK_UK id="072FCD9E-B9FB-6AF7-1B59-F8AFB5FA0FEA" name="APORTE_COMPROBANTE_FK">
<createdBy>GOLDEN GAMERS</createdBy>
<createdTime>2024-10-14 23:22:37 UTC</createdTime>
<generatorID>0D144BD1-E104-DDFA-0060-866C56329A76</generatorID>
<ownerDesignName>modelo</ownerDesignName>
<indexState>Foreign Key</indexState>
<isSurrogateKey>false</isSurrogateKey>
<indexColumnUsage>
<colUsage columnID="5E8A0B5E-1FCB-B34A-B94F-10BF1975F082"/>
</indexColumnUsage>
</ind_PK_UK>
</indexes>
</Table>