<?xml version = '1.0' encoding = 'UTF-8'?>
<Table class="oracle.dbtools.crest.model.design.relational.Table" directorySegmentName="seg_0" id="F9F28ACA-8151-5DEE-F171-DED1EF9E03A0" name="SOLICITUD_CERTIFICADO">
<createdBy>GOLDEN GAMERS</createdBy>
<createdTime>2024-10-13 21:03:27 UTC</createdTime>
<ownerDesignName>modelo</ownerDesignName>
<ordsAlias>table_23</ordsAlias>
<allowColumnReorder>false</allowColumnReorder>
<existDependencyGenerateInDDl>true</existDependencyGenerateInDDl>
<parsed>true</parsed>
<columns itemClass="oracle.dbtools.crest.model.design.relational.Column">
<Column name="CERTIFICADO_id_certificado" id="41A659A3-0CDA-E194-7924-DE5AD2DF97D3">
<createdBy>GOLDEN GAMERS</createdBy>
<createdTime>2024-10-13 21:04:42 UTC</createdTime>
<ownerDesignName>modelo</ownerDesignName>
<useDomainConstraints>false</useDomainConstraints>
<use>1</use>
<logicalDatatype>LOGDT011</logicalDatatype>
<ownDataTypeParameters>,,</ownDataTypeParameters>
<previousColumn>false</previousColumn>
<autoIncrementCycle>false</autoIncrementCycle>
<associations>
<colAssociation fkAssociation="AC30BC05-9399-C326-B4D8-D0E93DD5F81B" referredColumn="FA9D7C0B-F9EF-E2EB-DD10-294F19031C4C"/>
</associations>
</Column>
<Column name="ESTADO_CERTIFICADO_id_estado" id="B1CB4183-6A9C-3287-F8B6-4DD833669C6E">
<createdBy>GOLDEN GAMERS</createdBy>
<createdTime>2024-10-13 22:57:07 UTC</createdTime>
<ownerDesignName>modelo</ownerDesignName>
<useDomainConstraints>false</useDomainConstraints>
<use>1</use>
<logicalDatatype>LOGDT027</logicalDatatype>
<ownDataTypeParameters>,,</ownDataTypeParameters>
<previousColumn>false</previousColumn>
<autoIncrementCycle>false</autoIncrementCycle>
<associations>
<colAssociation fkAssociation="913252EE-04E4-2A5F-6925-D602152E4112" referredColumn="2EDE799E-CBDA-2862-BBB3-57C6C9C9402C"/>
</associations>
</Column>
<Column name="USUARIO_id_usuario" id="240EA94E-AB23-4D49-3FE9-91A7FD926B76">
<createdBy>GOLDEN GAMERS</createdBy>
<createdTime>2024-10-14 00:24:00 UTC</createdTime>
<ownerDesignName>modelo</ownerDesignName>
<useDomainConstraints>false</useDomainConstraints>
<use>1</use>
<logicalDatatype>LOGDT027</logicalDatatype>
<ownDataTypeParameters>,,</ownDataTypeParameters>
<previousColumn>false</previousColumn>
<autoIncrementCycle>false</autoIncrementCycle>
<associations>
<colAssociation fkAssociation="C275F33C-F03B-2FA4-DEC9-0EFF0CBFDF9B" referredColumn="C6D18E50-62A1-8A71-8C4A-50758C2482FB"/>
</associations>
</Column>
</columns>
<indexes itemClass="oracle.dbtools.crest.model.design.relational.Index">
<ind_PK_UK id="BD20B3AC-4EDC-E849-1EB1-99724F5C061B" name="SOLICITUD_CERTIFICADO_PK">
<createdBy>GOLDEN GAMERS</createdBy>
<createdTime>2024-10-13 21:05:20 UTC</createdTime>
<ownerDesignName>modelo</ownerDesignName>
<pk>true</pk>
<indexState>Primary Constraint</indexState>
<isSurrogateKey>false</isSurrogateKey>
<indexColumnUsage>
<colUsage columnID="41A659A3-0CDA-E194-7924-DE5AD2DF97D3"/>
<colUsage columnID="B1CB4183-6A9C-3287-F8B6-4DD833669C6E"/>
<colUsage columnID="240EA94E-AB23-4D49-3FE9-91A7FD926B76"/>
</indexColumnUsage>
</ind_PK_UK>
<ind_PK_UK id="96019908-2BBB-6C6D-DF86-B060C2263834" name="SOLICITUD_CERTIFICADO_CERTIFICADO_FK">
<createdBy>GOLDEN GAMERS</createdBy>
<createdTime>2024-10-13 21:04:42 UTC</createdTime>
<generatorID>A97C4A7B-032E-834A-7405-607720803BB5</generatorID>
<ownerDesignName>modelo</ownerDesignName>
<indexState>Foreign Key</indexState>
<isSurrogateKey>false</isSurrogateKey>
<indexColumnUsage>
<colUsage columnID="41A659A3-0CDA-E194-7924-DE5AD2DF97D3"/>
</indexColumnUsage>
</ind_PK_UK>
<ind_PK_UK id="8CCD6704-4BBC-5DDA-D6EA-8B6F7CE90CA5" name="SOLICITUD_CERTIFICADO_ESTADO_CERTIFICADO_FK">
<createdBy>GOLDEN GAMERS</createdBy>
<createdTime>2024-10-13 22:57:07 UTC</createdTime>
<ownerDesignName>modelo</ownerDesignName>
<indexState>Foreign Key</indexState>
<isSurrogateKey>false</isSurrogateKey>
<indexColumnUsage>
<colUsage columnID="B1CB4183-6A9C-3287-F8B6-4DD833669C6E"/>
</indexColumnUsage>
</ind_PK_UK>
<ind_PK_UK id="FECE2D40-CF01-F926-7F84-07653C478725" name="SOLICITUD_CERTIFICADO_USUARIO_FK">
<createdBy>GOLDEN GAMERS</createdBy>
<createdTime>2024-10-14 00:24:00 UTC</createdTime>
<ownerDesignName>modelo</ownerDesignName>
<indexState>Foreign Key</indexState>
<isSurrogateKey>false</isSurrogateKey>
<indexColumnUsage>
<colUsage columnID="240EA94E-AB23-4D49-3FE9-91A7FD926B76"/>
</indexColumnUsage>
</ind_PK_UK>
</indexes>
</Table>