<?xml version = '1.0' encoding = 'UTF-8'?>
<Entity class="oracle.dbtools.crest.model.design.logical.Entity" directorySegmentName="seg_0" id="1DE593F6-1433-6327-1CD0-A5DBD9D9C9F6" name="USUARIO">
<createdBy>GOLDEN GAMERS</createdBy>
<createdTime>2024-10-13 21:23:30 UTC</createdTime>
<generatorID>5CFECE5F-2C53-A355-2208-3A3B191F51E6</generatorID>
<ownerDesignName>modelo</ownerDesignName>
<engineerTo>
<item key="BC0D4CD3-FBCA-AC4C-DBB2-0F5A99E6A580" value="true"/>
</engineerTo>
<adequatelyNormalized>NO</adequatelyNormalized>
<expectedVolumes>0</expectedVolumes>
<fwdEngineeringStrategyName>Single Table</fwdEngineeringStrategyName>
<growthPercent>0</growthPercent>
<growthType>Year</growthType>
<maxVolumes>9999999</maxVolumes>
<minVolumes>0</minVolumes>
<normalForm>Third</normalForm>
<attributes itemClass="oracle.dbtools.crest.model.design.logical.Attribute">
<Attribute name="id usuario" id="3B3A9021-D097-AC01-151A-7192A591F018">
<createdBy>GOLDEN GAMERS</createdBy>
<createdTime>2024-10-13 21:23:30 UTC</createdTime>
<generatorID>C6D18E50-62A1-8A71-8C4A-50758C2482FB</generatorID>
<ownerDesignName>modelo</ownerDesignName>
<engineerTo>
<item key="BC0D4CD3-FBCA-AC4C-DBB2-0F5A99E6A580" value="true"/>
</engineerTo>
<useDomainConstraints>false</useDomainConstraints>
<use>1</use>
<logicalDatatype>LOGDT027</logicalDatatype>
<ownDataTypeParameters>,,</ownDataTypeParameters>
</Attribute>
<Attribute name="primer nom" id="95648B40-ECED-0B44-1CB4-A6AC9710A5D2">
<createdBy>GOLDEN GAMERS</createdBy>
<createdTime>2024-10-13 21:23:30 UTC</createdTime>
<generatorID>4F637215-73B5-7E04-FF7F-28ED9F2596E0</generatorID>
<ownerDesignName>modelo</ownerDesignName>
<engineerTo>
<item key="BC0D4CD3-FBCA-AC4C-DBB2-0F5A99E6A580" value="true"/>
</engineerTo>
<useDomainConstraints>false</useDomainConstraints>
<use>1</use>
<logicalDatatype>LOGDT024</logicalDatatype>
<dataTypeSize>40</dataTypeSize>
<ownDataTypeParameters>40,,</ownDataTypeParameters>
</Attribute>
<Attribute name="primer apellido" id="E6A68ED7-6692-0118-8F0F-F686840B6C44">
<createdBy>GOLDEN GAMERS</createdBy>
<createdTime>2024-10-13 21:23:30 UTC</createdTime>
<generatorID>B9AD21D3-B617-5603-C576-80362F9B3F6C</generatorID>
<ownerDesignName>modelo</ownerDesignName>
<engineerTo>
<item key="BC0D4CD3-FBCA-AC4C-DBB2-0F5A99E6A580" value="true"/>
</engineerTo>
<useDomainConstraints>false</useDomainConstraints>
<use>1</use>
<logicalDatatype>LOGDT024</logicalDatatype>
<dataTypeSize>40</dataTypeSize>
<ownDataTypeParameters>40,,</ownDataTypeParameters>
</Attribute>
<Attribute name="email" id="6936F1B1-821F-9243-0AB2-ADA9F32141AF">
<createdBy>GOLDEN GAMERS</createdBy>
<createdTime>2024-10-13 21:23:30 UTC</createdTime>
<generatorID>13D44E71-0236-CBB6-BF64-D336654E27D0</generatorID>
<ownerDesignName>modelo</ownerDesignName>
<engineerTo>
<item key="BC0D4CD3-FBCA-AC4C-DBB2-0F5A99E6A580" value="true"/>
</engineerTo>
<useDomainConstraints>false</useDomainConstraints>
<use>1</use>
<logicalDatatype>LOGDT024</logicalDatatype>
<dataTypeSize>30</dataTypeSize>
<ownDataTypeParameters>30,,</ownDataTypeParameters>
</Attribute>
<Attribute name="telefono" id="5C034999-1130-D5FE-40AA-205CA46E8764">
<createdBy>GOLDEN GAMERS</createdBy>
<createdTime>2024-10-13 21:23:30 UTC</createdTime>
<generatorID>0871E32E-7586-2E9B-4BAF-64D6F72B84FC</generatorID>
<ownerDesignName>modelo</ownerDesignName>
<engineerTo>
<item key="BC0D4CD3-FBCA-AC4C-DBB2-0F5A99E6A580" value="true"/>
</engineerTo>
<nullsAllowed>true</nullsAllowed>
<useDomainConstraints>false</useDomainConstraints>
<use>1</use>
<logicalDatatype>LOGDT019</logicalDatatype>
<dataTypePrecision>9</dataTypePrecision>
<ownDataTypeParameters>,9,</ownDataTypeParameters>
</Attribute>
<Attribute name="fecha soli" id="A8683A54-7B71-C6C8-F6A9-13D80BCDFAEA">
<createdBy>GOLDEN GAMERS</createdBy>
<createdTime>2024-10-13 21:23:30 UTC</createdTime>
<generatorID>C30019DF-47EA-01EA-59ED-6796978D8FE3</generatorID>
<ownerDesignName>modelo</ownerDesignName>
<engineerTo>
<item key="BC0D4CD3-FBCA-AC4C-DBB2-0F5A99E6A580" value="true"/>
</engineerTo>
<useDomainConstraints>false</useDomainConstraints>
<use>1</use>
<logicalDatatype>LOGDT007</logicalDatatype>
<ownDataTypeParameters>,,</ownDataTypeParameters>
</Attribute>
<Attribute name="runn" id="3A2B2D4D-9C60-ADF8-1F5A-7DC38848717B">
<createdBy>GOLDEN GAMERS</createdBy>
<createdTime>2024-10-14 22:41:05 UTC</createdTime>
<generatorID>EDFD0FD6-8437-BBB5-B089-427F730B9205</generatorID>
<ownerDesignName>modelo</ownerDesignName>
<engineerTo>
<item key="BC0D4CD3-FBCA-AC4C-DBB2-0F5A99E6A580" value="true"/>
</engineerTo>
<useDomainConstraints>false</useDomainConstraints>
<use>1</use>
<logicalDatatype>LOGDT019</logicalDatatype>
<dataTypePrecision>9</dataTypePrecision>
<ownDataTypeParameters>,9,</ownDataTypeParameters>
</Attribute>
<Attribute name="segundo nom" id="648154AC-A64E-272E-B6A8-4FC3EC6E5895">
<createdBy>GOLDEN GAMERS</createdBy>
<createdTime>2024-10-14 22:41:05 UTC</createdTime>
<generatorID>6B63F57C-81F5-BB8E-5B05-7FA0A366C18E</generatorID>
<ownerDesignName>modelo</ownerDesignName>
<engineerTo>
<item key="BC0D4CD3-FBCA-AC4C-DBB2-0F5A99E6A580" value="true"/>
</engineerTo>
<nullsAllowed>true</nullsAllowed>
<useDomainConstraints>false</useDomainConstraints>
<use>1</use>
<logicalDatatype>LOGDT024</logicalDatatype>
<dataTypeSize>40</dataTypeSize>
<ownDataTypeParameters>40,,</ownDataTypeParameters>
</Attribute>
<Attribute name="segundo apellido" id="2B2CA72D-9465-161F-FBD3-53456175EAD9">
<createdBy>GOLDEN GAMERS</createdBy>
<createdTime>2024-10-14 22:41:05 UTC</createdTime>
<generatorID>CC48E2FB-3F0C-588A-F318-E3F99044151D</generatorID>
<ownerDesignName>modelo</ownerDesignName>
<engineerTo>
<item key="BC0D4CD3-FBCA-AC4C-DBB2-0F5A99E6A580" value="true"/>
</engineerTo>
<nullsAllowed>true</nullsAllowed>
<useDomainConstraints>false</useDomainConstraints>
<use>1</use>
<logicalDatatype>LOGDT024</logicalDatatype>
<ownDataTypeParameters>,,</ownDataTypeParameters>
</Attribute>
<Attribute name="rol" id="C335ACCA-7548-0392-F982-2FC6D16BB56F">
<createdBy>GOLDEN GAMERS</createdBy>
<createdTime>2024-10-14 22:41:05 UTC</createdTime>
<generatorID>ADC629EC-CA7C-DE05-1BAE-EDE833318492</generatorID>
<ownerDesignName>modelo</ownerDesignName>
<engineerTo>
<item key="BC0D4CD3-FBCA-AC4C-DBB2-0F5A99E6A580" value="true"/>
</engineerTo>
<useDomainConstraints>false</useDomainConstraints>
<use>1</use>
<logicalDatatype>LOGDT006</logicalDatatype>
<dataTypeSize>1</dataTypeSize>
<ownDataTypeParameters>1,,</ownDataTypeParameters>
</Attribute>
<Attribute name="hijo de" id="5566331D-FCCD-95CD-083A-C3B3DB3B318F">
<createdBy>GOLDEN GAMERS</createdBy>
<createdTime>2024-10-14 22:41:05 UTC</createdTime>
<generatorID>9D794404-5BD6-60F4-1D44-D1706E696AAB</generatorID>
<ownerDesignName>modelo</ownerDesignName>
<engineerTo>
<item key="BC0D4CD3-FBCA-AC4C-DBB2-0F5A99E6A580" value="true"/>
</engineerTo>
<nullsAllowed>true</nullsAllowed>
<useDomainConstraints>false</useDomainConstraints>
<use>1</use>
<logicalDatatype>LOGDT024</logicalDatatype>
<dataTypeSize>40</dataTypeSize>
<ownDataTypeParameters>40,,</ownDataTypeParameters>
</Attribute>
<Attribute name="y de" id="66DF2747-4631-CDF7-57C8-8DF355CB9D95">
<createdBy>GOLDEN GAMERS</createdBy>
<createdTime>2024-10-14 22:41:05 UTC</createdTime>
<generatorID>5D55C3F4-8769-9E17-6FE1-BE9143353EAB</generatorID>
<ownerDesignName>modelo</ownerDesignName>
<engineerTo>
<item key="BC0D4CD3-FBCA-AC4C-DBB2-0F5A99E6A580" value="true"/>
</engineerTo>
<nullsAllowed>true</nullsAllowed>
<useDomainConstraints>false</useDomainConstraints>
<use>1</use>
<logicalDatatype>LOGDT024</logicalDatatype>
<dataTypeSize>40</dataTypeSize>
<ownDataTypeParameters>40,,</ownDataTypeParameters>
</Attribute>
</attributes>
<identifiers itemClass="oracle.dbtools.crest.model.design.logical.CandidateKey">
<identifier id="4A1BB8D3-6BEB-1D51-2B56-EFF51BD6F700" name="USUARIO_PK">
<createdBy>GOLDEN GAMERS</createdBy>
<createdTime>2024-10-13 21:23:30 UTC</createdTime>
<generatorID>798A55A6-A283-C5F1-202C-14DBE248D6C2</generatorID>
<ownerDesignName>modelo</ownerDesignName>
<engineerTo>
<item key="BC0D4CD3-FBCA-AC4C-DBB2-0F5A99E6A580" value="true"/>
</engineerTo>
<pk>true</pk>
<usedAttributes>
<attributeRef>3B3A9021-D097-AC01-151A-7192A591F018</attributeRef>
</usedAttributes>
</identifier>
</identifiers>
</Entity>