<?xml version = '1.0' encoding = 'UTF-8'?>
<Entity class="oracle.dbtools.crest.model.design.logical.Entity" directorySegmentName="seg_0" id="7E665DCE-9CAC-5C0E-ABE5-8C3DC8DBF63B" name="INT PADRINO">
<createdBy>mimi</createdBy>
<createdTime>2024-10-13 03:15:20 UTC</createdTime>
<generatorID>5EB6D64E-EE33-FAED-0BBE-054E34D5EFE7</generatorID>
<ownerDesignName>modelo</ownerDesignName>
<engineerTo>
<item key="BC0D4CD3-FBCA-AC4C-DBB2-0F5A99E6A580" value="true"/>
</engineerTo>
<adequatelyNormalized>NO</adequatelyNormalized>
<expectedVolumes>0</expectedVolumes>
<fwdEngineeringStrategyName>Single Table</fwdEngineeringStrategyName>
<growthPercent>0</growthPercent>
<growthType>Year</growthType>
<maxVolumes>9999999</maxVolumes>
<minVolumes>0</minVolumes>
<normalForm>Third</normalForm>
<attributes itemClass="oracle.dbtools.crest.model.design.logical.Attribute">
<Attribute name="id cert padrino" id="434FBA8C-F2FA-2307-B020-E4513C23878C">
<createdBy>mimi</createdBy>
<createdTime>2024-10-13 03:15:20 UTC</createdTime>
<commentInRDBMS><![CDATA[Tabla intermedia para establecer hacia los diferentes certificados
]]></commentInRDBMS>
<generatorID>114C84CE-FA50-A34E-77AA-7BA3163EF8B7</generatorID>
<ownerDesignName>modelo</ownerDesignName>
<engineerTo>
<item key="BC0D4CD3-FBCA-AC4C-DBB2-0F5A99E6A580" value="true"/>
</engineerTo>
<useDomainConstraints>false</useDomainConstraints>
<use>1</use>
<logicalDatatype>LOGDT011</logicalDatatype>
<ownDataTypeParameters>,,</ownDataTypeParameters>
</Attribute>
<Attribute name="PADRINO id padrino" id="56294D84-FFD1-2444-F901-7E60B44E8CCF">
<createdBy>mimi</createdBy>
<createdTime>2024-10-13 05:44:34 UTC</createdTime>
<generatorID>8336A94A-D44F-E65A-911D-A2B192FFFCD6</generatorID>
<ownerDesignName>modelo</ownerDesignName>
<engineerTo>
<item key="BC0D4CD3-FBCA-AC4C-DBB2-0F5A99E6A580" value="true"/>
</engineerTo>
<referedAttribute>8E0E7683-516A-F4C0-3DA8-F96F911C360A</referedAttribute>
<useDomainConstraints>false</useDomainConstraints>
<use>1</use>
<logicalDatatype>LOGDT011</logicalDatatype>
<ownDataTypeParameters>,,</ownDataTypeParameters>
</Attribute>
</attributes>
<identifiers itemClass="oracle.dbtools.crest.model.design.logical.CandidateKey">
<identifier id="AF8F56F7-2E77-BCAA-5714-7CBC6C06CE58" name="INT PADRINO PK">
<createdBy>mimi</createdBy>
<createdTime>2024-10-13 03:15:20 UTC</createdTime>
<generatorID>D51433A0-23DE-90C1-464A-F7D889E07286</generatorID>
<ownerDesignName>modelo</ownerDesignName>
<shouldEngineer>false</shouldEngineer>
<engineerTo>
<item key="BC0D4CD3-FBCA-AC4C-DBB2-0F5A99E6A580" value="false"/>
</engineerTo>
<pk>true</pk>
<usedAttributes>
<attributeRef>434FBA8C-F2FA-2307-B020-E4513C23878C</attributeRef>
</usedAttributes>
</identifier>
</identifiers>
</Entity>