<?xml version = '1.0' encoding = 'UTF-8'?>
<Entity class="oracle.dbtools.crest.model.design.logical.Entity" directorySegmentName="seg_0" id="A28CE251-A5D7-B8AC-D40A-717B780D682A" name="ACTO">
<createdBy>GOLDEN GAMERS</createdBy>
<createdTime>2024-10-16 16:07:45 UTC</createdTime>
<generatorID>14EA3F78-4FB8-AC1B-ADE5-502B3B0248F9</generatorID>
<ownerDesignName>modelo</ownerDesignName>
<engineerTo>
<item key="BC0D4CD3-FBCA-AC4C-DBB2-0F5A99E6A580" value="true"/>
</engineerTo>
<adequatelyNormalized>NO</adequatelyNormalized>
<expectedVolumes>0</expectedVolumes>
<fwdEngineeringStrategyName>Single Table</fwdEngineeringStrategyName>
<growthPercent>0</growthPercent>
<growthType>Year</growthType>
<maxVolumes>9999999</maxVolumes>
<minVolumes>0</minVolumes>
<normalForm>Third</normalForm>
<attributes itemClass="oracle.dbtools.crest.model.design.logical.Attribute">
<Attribute name="id acto" id="78F67A99-9BC4-60B4-9531-B2C54BA4C2AA">
<createdBy>GOLDEN GAMERS</createdBy>
<createdTime>2024-10-16 16:07:45 UTC</createdTime>
<generatorID>D7450163-EB3D-512A-2408-7D1C21303993</generatorID>
<ownerDesignName>modelo</ownerDesignName>
<engineerTo>
<item key="BC0D4CD3-FBCA-AC4C-DBB2-0F5A99E6A580" value="true"/>
</engineerTo>
<useDomainConstraints>false</useDomainConstraints>
<use>1</use>
<logicalDatatype>LOGDT027</logicalDatatype>
<ownDataTypeParameters>,,</ownDataTypeParameters>
</Attribute>
<Attribute name="identific cert" id="F3833BAC-399A-B434-3886-ED0E6F7E5B8B">
<createdBy>GOLDEN GAMERS</createdBy>
<createdTime>2024-10-16 16:07:45 UTC</createdTime>
<generatorID>C894BCAD-2333-B884-28CD-952E8E1FDA03</generatorID>
<ownerDesignName>modelo</ownerDesignName>
<engineerTo>
<item key="BC0D4CD3-FBCA-AC4C-DBB2-0F5A99E6A580" value="true"/>
</engineerTo>
<useDomainConstraints>false</useDomainConstraints>
<use>1</use>
<logicalDatatype>LOGDT024</logicalDatatype>
<dataTypeSize>30</dataTypeSize>
<ownDataTypeParameters>30,,</ownDataTypeParameters>
</Attribute>
</attributes>
<identifiers itemClass="oracle.dbtools.crest.model.design.logical.CandidateKey">
<identifier id="DD283A7B-8E1A-5395-B125-407A88D3E431" name="ACTO PK">
<createdBy>GOLDEN GAMERS</createdBy>
<createdTime>2024-10-16 16:07:45 UTC</createdTime>
<generatorID>EAF5BC34-844E-34C2-CC27-58F992645DC6</generatorID>
<ownerDesignName>modelo</ownerDesignName>
<engineerTo>
<item key="BC0D4CD3-FBCA-AC4C-DBB2-0F5A99E6A580" value="true"/>
</engineerTo>
<pk>true</pk>
<usedAttributes>
<attributeRef>78F67A99-9BC4-60B4-9531-B2C54BA4C2AA</attributeRef>
</usedAttributes>
</identifier>
</identifiers>
</Entity>