<?xml version = '1.0' encoding = 'UTF-8'?>
<Entity class="oracle.dbtools.crest.model.design.logical.Entity" directorySegmentName="seg_0" id="A3B3FCDD-DFE0-9381-54A2-FBDB0B41E9EC" name="CERT PAR BAUTISMO">
<createdBy>GOLDEN GAMERS</createdBy>
<createdTime>2024-10-16 16:07:45 UTC</createdTime>
<generatorID>126BD862-F7D6-2538-C1CA-32146A6D7C87</generatorID>
<ownerDesignName>modelo</ownerDesignName>
<engineerTo>
<item key="BC0D4CD3-FBCA-AC4C-DBB2-0F5A99E6A580" value="true"/>
</engineerTo>
<adequatelyNormalized>NO</adequatelyNormalized>
<expectedVolumes>0</expectedVolumes>
<fwdEngineeringStrategyName>Single Table</fwdEngineeringStrategyName>
<growthPercent>0</growthPercent>
<growthType>Year</growthType>
<maxVolumes>9999999</maxVolumes>
<minVolumes>0</minVolumes>
<normalForm>Third</normalForm>
<attributes itemClass="oracle.dbtools.crest.model.design.logical.Attribute">
<Attribute name="id partida" id="87E9E6DB-1862-351D-8069-E048CBE593E8">
<createdBy>GOLDEN GAMERS</createdBy>
<createdTime>2024-10-16 16:07:45 UTC</createdTime>
<generatorID>BF8C3B42-CFDE-2F61-60A2-4A31501E6F99</generatorID>
<ownerDesignName>modelo</ownerDesignName>
<engineerTo>
<item key="BC0D4CD3-FBCA-AC4C-DBB2-0F5A99E6A580" value="true"/>
</engineerTo>
<useDomainConstraints>false</useDomainConstraints>
<use>1</use>
<logicalDatatype>LOGDT027</logicalDatatype>
<ownDataTypeParameters>,,</ownDataTypeParameters>
</Attribute>
<Attribute name="fecha realizacion" id="6CAB9C72-55D4-76F1-A01D-E9656784E84D">
<createdBy>GOLDEN GAMERS</createdBy>
<createdTime>2024-10-16 16:07:45 UTC</createdTime>
<generatorID>5B79862C-5F56-5961-6CBB-2EB1A5203772</generatorID>
<ownerDesignName>modelo</ownerDesignName>
<engineerTo>
<item key="BC0D4CD3-FBCA-AC4C-DBB2-0F5A99E6A580" value="true"/>
</engineerTo>
<useDomainConstraints>false</useDomainConstraints>
<use>1</use>
<logicalDatatype>LOGDT007</logicalDatatype>
<ownDataTypeParameters>,,</ownDataTypeParameters>
</Attribute>
<Attribute name="CERTIFICADO id certificado" id="646111E0-6C12-3642-A799-66C69675CDD3">
<createdBy>GOLDEN GAMERS</createdBy>
<createdTime>2024-10-16 16:07:45 UTC</createdTime>
<generatorID>0AD82865-DC29-F82A-1B32-2D81E60E860D</generatorID>
<ownerDesignName>modelo</ownerDesignName>
<engineerTo>
<item key="BC0D4CD3-FBCA-AC4C-DBB2-0F5A99E6A580" value="true"/>
</engineerTo>
<referedAttribute>DD5052DC-A098-572A-ADC5-0D72A08F5A25</referedAttribute>
<useDomainConstraints>false</useDomainConstraints>
<use>1</use>
<logicalDatatype>LOGDT011</logicalDatatype>
<ownDataTypeParameters>,,</ownDataTypeParameters>
</Attribute>
</attributes>
<identifiers itemClass="oracle.dbtools.crest.model.design.logical.CandidateKey">
<identifier id="E19CD406-6A4E-A20C-171B-543153B60538" name="CERT PAR BAUTISMO PK">
<createdBy>GOLDEN GAMERS</createdBy>
<createdTime>2024-10-16 16:07:45 UTC</createdTime>
<generatorID>A304C35C-DE5A-9F68-0E92-133629F5D53A</generatorID>
<ownerDesignName>modelo</ownerDesignName>
<engineerTo>
<item key="BC0D4CD3-FBCA-AC4C-DBB2-0F5A99E6A580" value="true"/>
</engineerTo>
<pk>true</pk>
<usedAttributes>
<attributeRef>87E9E6DB-1862-351D-8069-E048CBE593E8</attributeRef>
</usedAttributes>
</identifier>
</identifiers>
</Entity>