<?xml version = '1.0' encoding = 'UTF-8'?>
<Entity class="oracle.dbtools.crest.model.design.logical.Entity" directorySegmentName="seg_0" id="BBA63A2C-CA75-8FCE-E925-176A052009F1" name="CERT MATRIMONIO">
<createdBy>GOLDEN GAMERS</createdBy>
<createdTime>2024-10-16 16:07:45 UTC</createdTime>
<generatorID>2F061004-AF69-2171-5455-17630C86448E</generatorID>
<ownerDesignName>modelo</ownerDesignName>
<engineerTo>
<item key="BC0D4CD3-FBCA-AC4C-DBB2-0F5A99E6A580" value="true"/>
</engineerTo>
<adequatelyNormalized>NO</adequatelyNormalized>
<expectedVolumes>0</expectedVolumes>
<fwdEngineeringStrategyName>Single Table</fwdEngineeringStrategyName>
<growthPercent>0</growthPercent>
<growthType>Year</growthType>
<maxVolumes>9999999</maxVolumes>
<minVolumes>0</minVolumes>
<normalForm>Third</normalForm>
<attributes itemClass="oracle.dbtools.crest.model.design.logical.Attribute">
<Attribute name="id cert matr" id="DA49C30B-A5BD-D0BE-31A4-8F610A2EDCCD">
<createdBy>GOLDEN GAMERS</createdBy>
<createdTime>2024-10-16 16:07:45 UTC</createdTime>
<generatorID>D9F3E3D3-ECC4-F2C7-4E69-25654716A5D7</generatorID>
<ownerDesignName>modelo</ownerDesignName>
<engineerTo>
<item key="BC0D4CD3-FBCA-AC4C-DBB2-0F5A99E6A580" value="true"/>
</engineerTo>
<useDomainConstraints>false</useDomainConstraints>
<use>1</use>
<logicalDatatype>LOGDT027</logicalDatatype>
<ownDataTypeParameters>,,</ownDataTypeParameters>
</Attribute>
<Attribute name="padre encargado" id="AF1C62BC-D18A-7E42-060E-9344749E46E0">
<createdBy>GOLDEN GAMERS</createdBy>
<createdTime>2024-10-16 16:07:45 UTC</createdTime>
<generatorID>ACB7C149-FA29-B98A-6D87-F2F05E85668D</generatorID>
<ownerDesignName>modelo</ownerDesignName>
<engineerTo>
<item key="BC0D4CD3-FBCA-AC4C-DBB2-0F5A99E6A580" value="true"/>
</engineerTo>
<useDomainConstraints>false</useDomainConstraints>
<use>1</use>
<logicalDatatype>LOGDT024</logicalDatatype>
<dataTypeSize>50</dataTypeSize>
<ownDataTypeParameters>50,,</ownDataTypeParameters>
</Attribute>
<Attribute name="padre de" id="5A47D790-BC8A-B12D-F24E-5DDCD60BF651">
<createdBy>GOLDEN GAMERS</createdBy>
<createdTime>2024-10-16 16:07:45 UTC</createdTime>
<generatorID>D545350B-A0F8-E689-E5D0-541A9C52D12F</generatorID>
<ownerDesignName>modelo</ownerDesignName>
<engineerTo>
<item key="BC0D4CD3-FBCA-AC4C-DBB2-0F5A99E6A580" value="true"/>
</engineerTo>
<useDomainConstraints>false</useDomainConstraints>
<use>1</use>
<logicalDatatype>LOGDT024</logicalDatatype>
<dataTypeSize>50</dataTypeSize>
<ownDataTypeParameters>50,,</ownDataTypeParameters>
</Attribute>
<Attribute name="madre de" id="A22FBC73-29D9-F101-1BA8-AA601CEA6933">
<createdBy>GOLDEN GAMERS</createdBy>
<createdTime>2024-10-16 16:07:45 UTC</createdTime>
<generatorID>815D255C-D15D-F1E7-9AA7-BA98E6D69D6D</generatorID>
<ownerDesignName>modelo</ownerDesignName>
<engineerTo>
<item key="BC0D4CD3-FBCA-AC4C-DBB2-0F5A99E6A580" value="true"/>
</engineerTo>
<useDomainConstraints>false</useDomainConstraints>
<use>1</use>
<logicalDatatype>LOGDT024</logicalDatatype>
<dataTypeSize>50</dataTypeSize>
<ownDataTypeParameters>50,,</ownDataTypeParameters>
</Attribute>
<Attribute name="testigos" id="519D7C24-5AD5-9B53-EFE5-CD0A73698D16">
<createdBy>GOLDEN GAMERS</createdBy>
<createdTime>2024-10-16 16:07:45 UTC</createdTime>
<generatorID>124ACD29-8153-1938-FCE1-0B8A1E02BFDD</generatorID>
<ownerDesignName>modelo</ownerDesignName>
<engineerTo>
<item key="BC0D4CD3-FBCA-AC4C-DBB2-0F5A99E6A580" value="true"/>
</engineerTo>
<useDomainConstraints>false</useDomainConstraints>
<use>1</use>
<logicalDatatype>LOGDT024</logicalDatatype>
<dataTypeSize>50</dataTypeSize>
<ownDataTypeParameters>50,,</ownDataTypeParameters>
</Attribute>
<Attribute name="nom conyugue1" id="A751575A-A6E5-834D-131A-BD34EB804B5A">
<createdBy>GOLDEN GAMERS</createdBy>
<createdTime>2024-10-16 16:07:45 UTC</createdTime>
<generatorID>C4D27777-8212-B037-3B7B-AAF0300D26BE</generatorID>
<ownerDesignName>modelo</ownerDesignName>
<engineerTo>
<item key="BC0D4CD3-FBCA-AC4C-DBB2-0F5A99E6A580" value="true"/>
</engineerTo>
<useDomainConstraints>false</useDomainConstraints>
<use>1</use>
<logicalDatatype>LOGDT024</logicalDatatype>
<dataTypeSize>50</dataTypeSize>
<ownDataTypeParameters>50,,</ownDataTypeParameters>
</Attribute>
<Attribute name="nom conyugue2" id="D004826E-D2AD-A6A6-EB64-86AB50110089">
<createdBy>GOLDEN GAMERS</createdBy>
<createdTime>2024-10-16 16:07:45 UTC</createdTime>
<generatorID>A3B08F5F-8568-70C0-73AF-2E4473E40678</generatorID>
<ownerDesignName>modelo</ownerDesignName>
<engineerTo>
<item key="BC0D4CD3-FBCA-AC4C-DBB2-0F5A99E6A580" value="true"/>
</engineerTo>
<useDomainConstraints>false</useDomainConstraints>
<use>1</use>
<logicalDatatype>LOGDT024</logicalDatatype>
<dataTypeSize>50</dataTypeSize>
<ownDataTypeParameters>50,,</ownDataTypeParameters>
</Attribute>
<Attribute name="fecha matrimonio" id="B81830B8-57F1-806A-B5CF-601898F999BA">
<createdBy>GOLDEN GAMERS</createdBy>
<createdTime>2024-10-16 16:07:45 UTC</createdTime>
<generatorID>32E70CEF-5C87-C8C4-1FD5-06573BA8857D</generatorID>
<ownerDesignName>modelo</ownerDesignName>
<engineerTo>
<item key="BC0D4CD3-FBCA-AC4C-DBB2-0F5A99E6A580" value="true"/>
</engineerTo>
<useDomainConstraints>false</useDomainConstraints>
<use>1</use>
<logicalDatatype>LOGDT007</logicalDatatype>
<ownDataTypeParameters>,,</ownDataTypeParameters>
</Attribute>
<Attribute name="CERTIFICADO id certificado" id="C5D24F21-B00D-14EF-7FB4-208C5066E702">
<createdBy>GOLDEN GAMERS</createdBy>
<createdTime>2024-10-16 16:07:45 UTC</createdTime>
<generatorID>35E613D7-965D-9656-5B5D-B46174D12925</generatorID>
<ownerDesignName>modelo</ownerDesignName>
<engineerTo>
<item key="BC0D4CD3-FBCA-AC4C-DBB2-0F5A99E6A580" value="true"/>
</engineerTo>
<referedAttribute>DD5052DC-A098-572A-ADC5-0D72A08F5A25</referedAttribute>
<useDomainConstraints>false</useDomainConstraints>
<use>1</use>
<logicalDatatype>LOGDT011</logicalDatatype>
<ownDataTypeParameters>,,</ownDataTypeParameters>
</Attribute>
</attributes>
<identifiers itemClass="oracle.dbtools.crest.model.design.logical.CandidateKey">
<identifier id="62F87D93-F973-D901-BA61-97F11BF3F64A" name="CERT ENC BAUTISMAL PKv2">
<createdBy>GOLDEN GAMERS</createdBy>
<createdTime>2024-10-16 16:07:45 UTC</createdTime>
<generatorID>4F5B968E-C5E8-A96C-59A7-B2F709887A60</generatorID>
<ownerDesignName>modelo</ownerDesignName>
<engineerTo>
<item key="BC0D4CD3-FBCA-AC4C-DBB2-0F5A99E6A580" value="true"/>
</engineerTo>
<pk>true</pk>
<usedAttributes>
<attributeRef>DA49C30B-A5BD-D0BE-31A4-8F610A2EDCCD</attributeRef>
</usedAttributes>
</identifier>
</identifiers>
</Entity>