<?xml version = '1.0' encoding = 'UTF-8'?>
<Entity class="oracle.dbtools.crest.model.design.logical.Entity" directorySegmentName="seg_0" id="C0661CB5-16D1-DB05-F718-03401C5C2BF8" name="CERTIFICADO">
<createdBy>mimi</createdBy>
<createdTime>2024-10-12 04:08:52 UTC</createdTime>
<ownerDesignName>modelo</ownerDesignName>
<engineerTo>
<item key="BC0D4CD3-FBCA-AC4C-DBB2-0F5A99E6A580" value="true"/>
</engineerTo>
<adequatelyNormalized>NO</adequatelyNormalized>
<expectedVolumes>0</expectedVolumes>
<fwdEngineeringStrategyName>Single Table</fwdEngineeringStrategyName>
<growthPercent>0</growthPercent>
<growthType>Year</growthType>
<maxVolumes>9999999</maxVolumes>
<minVolumes>0</minVolumes>
<normalForm>Third</normalForm>
<attributes itemClass="oracle.dbtools.crest.model.design.logical.Attribute">
<Attribute name="id certificado" id="DD5052DC-A098-572A-ADC5-0D72A08F5A25">
<createdBy>mimi</createdBy>
<createdTime>2024-10-12 04:17:47 UTC</createdTime>
<ownerDesignName>modelo</ownerDesignName>
<engineerTo>
<item key="BC0D4CD3-FBCA-AC4C-DBB2-0F5A99E6A580" value="true"/>
</engineerTo>
<useDomainConstraints>false</useDomainConstraints>
<use>1</use>
<logicalDatatype>LOGDT011</logicalDatatype>
<ownDataTypeParameters>,,</ownDataTypeParameters>
</Attribute>
<Attribute name="fecha emision" id="949E5807-BF48-1A25-504F-E6EAEA493F43">
<createdBy>mimi</createdBy>
<createdTime>2024-10-12 04:17:48 UTC</createdTime>
<commentInRDBMS><![CDATA[Fecha emision del documento]]></commentInRDBMS>
<ownerDesignName>modelo</ownerDesignName>
<engineerTo>
<item key="BC0D4CD3-FBCA-AC4C-DBB2-0F5A99E6A580" value="true"/>
</engineerTo>
<useDomainConstraints>false</useDomainConstraints>
<use>1</use>
<logicalDatatype>LOGDT007</logicalDatatype>
<ownDataTypeParameters>,,</ownDataTypeParameters>
</Attribute>
<Attribute name="lugar nacimiento" id="1DE20B0D-3A94-6D6D-6252-3C76B4295AF7">
<createdBy>mimi</createdBy>
<createdTime>2024-10-12 05:33:36 UTC</createdTime>
<ownerDesignName>modelo</ownerDesignName>
<engineerTo>
<item key="BC0D4CD3-FBCA-AC4C-DBB2-0F5A99E6A580" value="true"/>
</engineerTo>
<useDomainConstraints>false</useDomainConstraints>
<use>1</use>
<logicalDatatype>LOGDT024</logicalDatatype>
<dataTypeSize>50</dataTypeSize>
<ownDataTypeParameters>50,,</ownDataTypeParameters>
</Attribute>
<Attribute name="fecha creacion" id="A684755A-728F-63FD-F710-2DA5E1EF0F5F">
<createdBy>mimi</createdBy>
<createdTime>2024-10-13 02:37:37 UTC</createdTime>
<commentInRDBMS><![CDATA[Fecha de realizacion del documento]]></commentInRDBMS>
<generatorID>B8102E4E-7A6E-2C50-C99A-6DE4B182CAD5</generatorID>
<ownerDesignName>modelo</ownerDesignName>
<engineerTo>
<item key="BC0D4CD3-FBCA-AC4C-DBB2-0F5A99E6A580" value="true"/>
</engineerTo>
<useDomainConstraints>false</useDomainConstraints>
<use>1</use>
<logicalDatatype>LOGDT007</logicalDatatype>
<ownDataTypeParameters>,,</ownDataTypeParameters>
</Attribute>
<Attribute name="notas adicionales" id="8B2266A0-31B1-5F1E-3CA4-42F5DA3FFDAF">
<createdBy>mimi</createdBy>
<createdTime>2024-10-13 02:37:37 UTC</createdTime>
<generatorID>442AB258-E4B3-A5DF-6495-EAFB6726F075</generatorID>
<ownerDesignName>modelo</ownerDesignName>
<engineerTo>
<item key="BC0D4CD3-FBCA-AC4C-DBB2-0F5A99E6A580" value="true"/>
</engineerTo>
<nullsAllowed>true</nullsAllowed>
<useDomainConstraints>false</useDomainConstraints>
<use>1</use>
<logicalDatatype>LOGDT024</logicalDatatype>
<dataTypeSize>80</dataTypeSize>
<ownDataTypeParameters>80,,</ownDataTypeParameters>
</Attribute>
<Attribute name="fecha nacimiento" id="71AB4C4B-CACD-4974-2B1A-52A25DACA6B4">
<createdBy>mimi</createdBy>
<createdTime>2024-10-13 02:37:37 UTC</createdTime>
<generatorID>B4BB8BFE-2A09-9DC0-E47B-A61637E49492</generatorID>
<ownerDesignName>modelo</ownerDesignName>
<engineerTo>
<item key="BC0D4CD3-FBCA-AC4C-DBB2-0F5A99E6A580" value="true"/>
</engineerTo>
<useDomainConstraints>false</useDomainConstraints>
<use>1</use>
<logicalDatatype>LOGDT007</logicalDatatype>
<ownDataTypeParameters>,,</ownDataTypeParameters>
</Attribute>
<Attribute name="nro libro" id="F9A42CAC-12F3-EE73-E94D-CB1FA79EFC4A">
<createdBy>mimi</createdBy>
<createdTime>2024-10-13 03:53:05 UTC</createdTime>
<ownerDesignName>modelo</ownerDesignName>
<engineerTo>
<item key="BC0D4CD3-FBCA-AC4C-DBB2-0F5A99E6A580" value="true"/>
</engineerTo>
<useDomainConstraints>false</useDomainConstraints>
<use>1</use>
<logicalDatatype>LOGDT019</logicalDatatype>
<dataTypePrecision>5</dataTypePrecision>
<ownDataTypeParameters>,5,</ownDataTypeParameters>
</Attribute>
<Attribute name="pag libro" id="D2C8EC95-18E1-F805-C1FC-960A9311626D">
<createdBy>mimi</createdBy>
<createdTime>2024-10-13 03:53:20 UTC</createdTime>
<ownerDesignName>modelo</ownerDesignName>
<engineerTo>
<item key="BC0D4CD3-FBCA-AC4C-DBB2-0F5A99E6A580" value="true"/>
</engineerTo>
<useDomainConstraints>false</useDomainConstraints>
<use>1</use>
<logicalDatatype>LOGDT019</logicalDatatype>
<dataTypePrecision>5</dataTypePrecision>
<ownDataTypeParameters>,5,</ownDataTypeParameters>
</Attribute>
<Attribute name="INT PADRINO id cert padr" id="A2A79706-FA9A-678F-FE81-56A4DB562D65">
<createdBy>GOLDEN GAMERS</createdBy>
<createdTime>2024-10-13 07:59:08 UTC</createdTime>
<generatorID>A7D35B1E-CCD2-5431-6EB1-5259DFC1B5A3</generatorID>
<ownerDesignName>modelo</ownerDesignName>
<engineerTo>
<item key="BC0D4CD3-FBCA-AC4C-DBB2-0F5A99E6A580" value="true"/>
</engineerTo>
<referedAttribute>434FBA8C-F2FA-2307-B020-E4513C23878C</referedAttribute>
<useDomainConstraints>false</useDomainConstraints>
<use>1</use>
<logicalDatatype>LOGDT011</logicalDatatype>
<ownDataTypeParameters>,,</ownDataTypeParameters>
</Attribute>
<Attribute name="TRANSAC FINANCIERA id transac" id="8BFBC546-5B4E-B5FD-144F-F74E2D9E6F3D">
<createdBy>GOLDEN GAMERS</createdBy>
<createdTime>2024-10-13 21:23:30 UTC</createdTime>
<generatorID>2850483B-F180-8BFD-B091-803E7343CED8</generatorID>
<ownerDesignName>modelo</ownerDesignName>
<engineerTo>
<item key="BC0D4CD3-FBCA-AC4C-DBB2-0F5A99E6A580" value="true"/>
</engineerTo>
<referedAttribute>034CB834-AAF9-F675-A378-2E378D913B8D</referedAttribute>
<useDomainConstraints>false</useDomainConstraints>
<use>1</use>
<logicalDatatype>LOGDT011</logicalDatatype>
<ownDataTypeParameters>,,</ownDataTypeParameters>
</Attribute>
<Attribute name="ACTO id acto" id="813E90B7-0190-9267-E06E-0E7423DFBD2B">
<createdBy>GOLDEN GAMERS</createdBy>
<createdTime>2024-10-16 16:07:45 UTC</createdTime>
<generatorID>A2043B38-FA85-A7DD-2EB6-18C158B5E51D</generatorID>
<ownerDesignName>modelo</ownerDesignName>
<engineerTo>
<item key="BC0D4CD3-FBCA-AC4C-DBB2-0F5A99E6A580" value="true"/>
</engineerTo>
<referedAttribute>78F67A99-9BC4-60B4-9531-B2C54BA4C2AA</referedAttribute>
<useDomainConstraints>false</useDomainConstraints>
<use>1</use>
<logicalDatatype>LOGDT027</logicalDatatype>
<ownDataTypeParameters>,,</ownDataTypeParameters>
</Attribute>
</attributes>
<identifiers itemClass="oracle.dbtools.crest.model.design.logical.CandidateKey">
<identifier id="A97C4A7B-032E-834A-7405-607720803BB5" name="CERTIFICADO_PK">
<createdBy>mimi</createdBy>
<createdTime>2024-10-12 04:18:34 UTC</createdTime>
<ownerDesignName>modelo</ownerDesignName>
<shouldEngineer>false</shouldEngineer>
<engineerTo>
<item key="BC0D4CD3-FBCA-AC4C-DBB2-0F5A99E6A580" value="false"/>
</engineerTo>
<pk>true</pk>
<usedAttributes>
<attributeRef>DD5052DC-A098-572A-ADC5-0D72A08F5A25</attributeRef>
</usedAttributes>
</identifier>
</identifiers>
</Entity>