<?xml version = '1.0' encoding = 'UTF-8'?>
<Entity class="oracle.dbtools.crest.model.design.logical.Entity" directorySegmentName="seg_0" id="C4FF8317-129C-FE17-5E90-D460472C0B62" name="ACTIVIDAD">
<createdBy>mimi</createdBy>
<createdTime>2024-10-13 03:15:20 UTC</createdTime>
<generatorID>A1FBA5D0-B281-8E75-94E8-B20D7DA3808A</generatorID>
<ownerDesignName>modelo</ownerDesignName>
<engineerTo>
<item key="BC0D4CD3-FBCA-AC4C-DBB2-0F5A99E6A580" value="true"/>
</engineerTo>
<adequatelyNormalized>NO</adequatelyNormalized>
<expectedVolumes>0</expectedVolumes>
<fwdEngineeringStrategyName>Single Table</fwdEngineeringStrategyName>
<growthPercent>0</growthPercent>
<growthType>Year</growthType>
<maxVolumes>9999999</maxVolumes>
<minVolumes>0</minVolumes>
<normalForm>Third</normalForm>
<attributes itemClass="oracle.dbtools.crest.model.design.logical.Attribute">
<Attribute name="id activ" id="EB690F44-AD20-CBB6-9A77-FD508C583E86">
<createdBy>mimi</createdBy>
<createdTime>2024-10-13 03:15:20 UTC</createdTime>
<generatorID>0BDF32D7-C71C-1675-F3FE-C1221B27DC2E</generatorID>
<ownerDesignName>modelo</ownerDesignName>
<engineerTo>
<item key="BC0D4CD3-FBCA-AC4C-DBB2-0F5A99E6A580" value="true"/>
</engineerTo>
<useDomainConstraints>false</useDomainConstraints>
<use>1</use>
<logicalDatatype>LOGDT011</logicalDatatype>
<ownDataTypeParameters>,,</ownDataTypeParameters>
</Attribute>
<Attribute name="descripcion" id="0913ED50-AC57-BED3-50DF-ADD4D5CD0CD7">
<createdBy>mimi</createdBy>
<createdTime>2024-10-13 03:15:20 UTC</createdTime>
<generatorID>1809997B-BA9C-08FD-3141-55042A6C9DAA</generatorID>
<ownerDesignName>modelo</ownerDesignName>
<engineerTo>
<item key="BC0D4CD3-FBCA-AC4C-DBB2-0F5A99E6A580" value="true"/>
</engineerTo>
<nullsAllowed>true</nullsAllowed>
<useDomainConstraints>false</useDomainConstraints>
<use>1</use>
<logicalDatatype>LOGDT024</logicalDatatype>
<dataTypeSize>80</dataTypeSize>
<ownDataTypeParameters>80,,</ownDataTypeParameters>
</Attribute>
<Attribute name="costo" id="A92E2108-EEF5-1424-449B-1107FFEAFEB6">
<createdBy>mimi</createdBy>
<createdTime>2024-10-13 04:04:44 UTC</createdTime>
<ownerDesignName>modelo</ownerDesignName>
<engineerTo>
<item key="BC0D4CD3-FBCA-AC4C-DBB2-0F5A99E6A580" value="true"/>
</engineerTo>
<useDomainConstraints>false</useDomainConstraints>
<use>1</use>
<logicalDatatype>LOGDT019</logicalDatatype>
<dataTypePrecision>5</dataTypePrecision>
<ownDataTypeParameters>,5,</ownDataTypeParameters>
</Attribute>
<Attribute name="TIPO ACTIVIDAD id tip acr" id="95E2C7A5-078C-A9CC-CBE2-05E7BD364A4A">
<createdBy>GOLDEN GAMERS</createdBy>
<createdTime>2024-10-13 07:59:08 UTC</createdTime>
<generatorID>30BF7329-17C1-71EE-D371-C2DCB4D30069</generatorID>
<ownerDesignName>modelo</ownerDesignName>
<engineerTo>
<item key="BC0D4CD3-FBCA-AC4C-DBB2-0F5A99E6A580" value="true"/>
</engineerTo>
<referedAttribute>93F3AE2D-6A1B-4746-4373-3FAB5DC2E534</referedAttribute>
<useDomainConstraints>false</useDomainConstraints>
<use>1</use>
<logicalDatatype>LOGDT011</logicalDatatype>
<ownDataTypeParameters>,,</ownDataTypeParameters>
</Attribute>
<Attribute name="TRANSAC FINANCIERA id transac" id="368CB954-FAB6-A807-DDC7-1699F3A5B005">
<createdBy>GOLDEN GAMERS</createdBy>
<createdTime>2024-10-13 21:23:30 UTC</createdTime>
<generatorID>3D35A0A7-26BB-5D8D-7549-CCD27D6EBC02</generatorID>
<ownerDesignName>modelo</ownerDesignName>
<engineerTo>
<item key="BC0D4CD3-FBCA-AC4C-DBB2-0F5A99E6A580" value="true"/>
</engineerTo>
<referedAttribute>034CB834-AAF9-F675-A378-2E378D913B8D</referedAttribute>
<useDomainConstraints>false</useDomainConstraints>
<use>1</use>
<logicalDatatype>LOGDT011</logicalDatatype>
<ownDataTypeParameters>,,</ownDataTypeParameters>
</Attribute>
</attributes>
<identifiers itemClass="oracle.dbtools.crest.model.design.logical.CandidateKey">
<identifier id="39E1A740-46E2-83DC-2A7E-40C2382D12ED" name="ACTIVIDAD PK">
<createdBy>mimi</createdBy>
<createdTime>2024-10-13 03:15:20 UTC</createdTime>
<generatorID>463C0F95-B14D-950A-F928-B53CBCE157C9</generatorID>
<ownerDesignName>modelo</ownerDesignName>
<shouldEngineer>false</shouldEngineer>
<engineerTo>
<item key="BC0D4CD3-FBCA-AC4C-DBB2-0F5A99E6A580" value="false"/>
</engineerTo>
<pk>true</pk>
<usedAttributes>
<attributeRef>EB690F44-AD20-CBB6-9A77-FD508C583E86</attributeRef>
</usedAttributes>
</identifier>
</identifiers>
</Entity>