<?xml version = '1.0' encoding = 'UTF-8'?>
<Entity class="oracle.dbtools.crest.model.design.logical.Entity" directorySegmentName="seg_0" id="C501541B-61DB-188C-C152-480183173CFE" name="CERT CONFIRMACION">
<createdBy>GOLDEN GAMERS</createdBy>
<createdTime>2024-10-16 16:07:45 UTC</createdTime>
<generatorID>11F70772-2B15-D83B-DA9B-D92153419EBD</generatorID>
<ownerDesignName>modelo</ownerDesignName>
<engineerTo>
<item key="BC0D4CD3-FBCA-AC4C-DBB2-0F5A99E6A580" value="true"/>
</engineerTo>
<adequatelyNormalized>NO</adequatelyNormalized>
<expectedVolumes>0</expectedVolumes>
<fwdEngineeringStrategyName>Single Table</fwdEngineeringStrategyName>
<growthPercent>0</growthPercent>
<growthType>Year</growthType>
<maxVolumes>9999999</maxVolumes>
<minVolumes>0</minVolumes>
<normalForm>Third</normalForm>
<attributes itemClass="oracle.dbtools.crest.model.design.logical.Attribute">
<Attribute name="id cert" id="6BA5B8D1-3DED-F4C4-9215-351BF65CFB6E">
<createdBy>GOLDEN GAMERS</createdBy>
<createdTime>2024-10-16 16:07:45 UTC</createdTime>
<generatorID>BB1504C5-40C0-1F73-F9CE-9F60EF0F7C56</generatorID>
<ownerDesignName>modelo</ownerDesignName>
<engineerTo>
<item key="BC0D4CD3-FBCA-AC4C-DBB2-0F5A99E6A580" value="true"/>
</engineerTo>
<useDomainConstraints>false</useDomainConstraints>
<use>1</use>
<logicalDatatype>LOGDT027</logicalDatatype>
<ownDataTypeParameters>,,</ownDataTypeParameters>
</Attribute>
<Attribute name="hacia quien" id="57A9A143-B2F1-EC13-2CAC-7AFA38746045">
<createdBy>GOLDEN GAMERS</createdBy>
<createdTime>2024-10-16 16:07:45 UTC</createdTime>
<generatorID>35BD6226-4E55-CB38-C123-82E971ABD11B</generatorID>
<ownerDesignName>modelo</ownerDesignName>
<engineerTo>
<item key="BC0D4CD3-FBCA-AC4C-DBB2-0F5A99E6A580" value="true"/>
</engineerTo>
<useDomainConstraints>false</useDomainConstraints>
<use>1</use>
<logicalDatatype>LOGDT024</logicalDatatype>
<dataTypeSize>40</dataTypeSize>
<ownDataTypeParameters>40,,</ownDataTypeParameters>
</Attribute>
<Attribute name="persona realiza" id="E68CCEE2-61E4-3FCB-85E9-3074C20B7AD1">
<createdBy>GOLDEN GAMERS</createdBy>
<createdTime>2024-10-16 16:07:45 UTC</createdTime>
<generatorID>FBC1217A-85A9-71EB-52C4-40232C34171C</generatorID>
<ownerDesignName>modelo</ownerDesignName>
<engineerTo>
<item key="BC0D4CD3-FBCA-AC4C-DBB2-0F5A99E6A580" value="true"/>
</engineerTo>
<useDomainConstraints>false</useDomainConstraints>
<use>1</use>
<logicalDatatype>LOGDT024</logicalDatatype>
<dataTypeSize>40</dataTypeSize>
<ownDataTypeParameters>40,,</ownDataTypeParameters>
</Attribute>
<Attribute name="CERTIFICADO id certificado" id="C713D05B-7ACB-52B5-E649-DD9AC25E8182">
<createdBy>GOLDEN GAMERS</createdBy>
<createdTime>2024-10-16 16:07:45 UTC</createdTime>
<generatorID>A72AAE3A-BC39-07D9-E149-CB562D048288</generatorID>
<ownerDesignName>modelo</ownerDesignName>
<engineerTo>
<item key="BC0D4CD3-FBCA-AC4C-DBB2-0F5A99E6A580" value="true"/>
</engineerTo>
<referedAttribute>DD5052DC-A098-572A-ADC5-0D72A08F5A25</referedAttribute>
<useDomainConstraints>false</useDomainConstraints>
<use>1</use>
<logicalDatatype>LOGDT011</logicalDatatype>
<ownDataTypeParameters>,,</ownDataTypeParameters>
</Attribute>
</attributes>
<identifiers itemClass="oracle.dbtools.crest.model.design.logical.CandidateKey">
<identifier id="ACF39896-DA63-A841-0001-E937AFA6827A" name="CERT CONFIRMACION PK">
<createdBy>GOLDEN GAMERS</createdBy>
<createdTime>2024-10-16 16:07:45 UTC</createdTime>
<generatorID>3A091DF1-D6D3-A468-AA56-F5ECAB83527F</generatorID>
<ownerDesignName>modelo</ownerDesignName>
<engineerTo>
<item key="BC0D4CD3-FBCA-AC4C-DBB2-0F5A99E6A580" value="true"/>
</engineerTo>
<pk>true</pk>
<usedAttributes>
<attributeRef>6BA5B8D1-3DED-F4C4-9215-351BF65CFB6E</attributeRef>
</usedAttributes>
</identifier>
</identifiers>
</Entity>