<?xml version = '1.0' encoding = 'UTF-8'?>
<Relation class="oracle.dbtools.crest.model.design.logical.Relation" name="CERT_PAR_BAUTISMO_CERTIFICADO_FK" directorySegmentName="seg_0" id="0AD82865-DC29-F82A-1B32-2D81E60E860D">
<createdBy>GOLDEN GAMERS</createdBy>
<createdTime>2024-10-16 16:07:45 UTC</createdTime>
<generatorID>66CDD2E4-466E-4100-B575-7CA5ADEF8598</generatorID>
<ownerDesignName>modelo</ownerDesignName>
<engineerTo>
<item key="BC0D4CD3-FBCA-AC4C-DBB2-0F5A99E6A580" value="true"/>
</engineerTo>
<sourcePk>A97C4A7B-032E-834A-7405-607720803BB5</sourcePk>
<identifying>false</identifying>
<optionalSource>true</optionalSource>
<optionalTarget>false</optionalTarget>
<sourceCardinality>1</sourceCardinality>
<sourceEntity>C0661CB5-16D1-DB05-F718-03401C5C2BF8</sourceEntity>
<targetCardinalityString>*</targetCardinalityString>
<targetEntity>A3B3FCDD-DFE0-9381-54A2-FBDB0B41E9EC</targetEntity>
<transferable>true</transferable>
<deleteRule>NO ACTION</deleteRule>
</Relation>