<?xml version = '1.0' encoding = 'UTF-8'?>
<Relation class="oracle.dbtools.crest.model.design.logical.Relation" name="RESERVA USUARIO FK" directorySegmentName="seg_0" id="0FDC4F20-47EB-B05E-CA2C-31E570BAC6EE">
<createdBy>GOLDEN GAMERS</createdBy>
<createdTime>2024-10-14 22:53:56 UTC</createdTime>
<ownerDesignName>modelo</ownerDesignName>
<engineerTo>
<item key="BC0D4CD3-FBCA-AC4C-DBB2-0F5A99E6A580" value="true"/>
</engineerTo>
<sourcePk>4A1BB8D3-6BEB-1D51-2B56-EFF51BD6F700</sourcePk>
<identifying>false</identifying>
<optionalSource>true</optionalSource>
<optionalTarget>false</optionalTarget>
<sourceCardinality>1</sourceCardinality>
<sourceEntity>1DE593F6-1433-6327-1CD0-A5DBD9D9C9F6</sourceEntity>
<targetCardinalityString>*</targetCardinalityString>
<targetEntity>4C91918F-0DFF-0460-2A98-B52348F5F394</targetEntity>
<transferable>true</transferable>
<deleteRule>NO ACTION</deleteRule>
</Relation>