<?xml version = '1.0' encoding = 'UTF-8'?>
<Relation class="oracle.dbtools.crest.model.design.logical.Relation" name="HISTORIAL_EST_RESERVA_FK" directorySegmentName="seg_0" id="1AC12376-3626-E95F-7E42-D77E6BB9B9F9">
<createdBy>GOLDEN GAMERS</createdBy>
<createdTime>2024-10-16 16:07:45 UTC</createdTime>
<generatorID>0D0B0D41-7C02-A294-E40A-C4F0265C858F</generatorID>
<ownerDesignName>modelo</ownerDesignName>
<engineerTo>
<item key="BC0D4CD3-FBCA-AC4C-DBB2-0F5A99E6A580" value="true"/>
</engineerTo>
<sourcePk>E1FFF1F3-68FF-531F-D524-39837AA294D6</sourcePk>
<identifying>true</identifying>
<optionalSource>false</optionalSource>
<optionalTarget>false</optionalTarget>
<sourceCardinality>1</sourceCardinality>
<sourceEntity>4C91918F-0DFF-0460-2A98-B52348F5F394</sourceEntity>
<targetCardinalityString>*</targetCardinalityString>
<targetEntity>96A91797-6B8F-E055-1C8F-E1F5641FCCBA</targetEntity>
<transferable>true</transferable>
<deleteRule>CASCADE</deleteRule>
</Relation>