<?xml version = '1.0' encoding = 'UTF-8'?>
<Relation class="oracle.dbtools.crest.model.design.logical.Relation" name="FELIGRES USUARIO FK" directorySegmentName="seg_0" id="26700392-7638-2460-36E4-8E557487B878">
<createdBy>GOLDEN GAMERS</createdBy>
<createdTime>2024-10-14 22:49:47 UTC</createdTime>
<ownerDesignName>modelo</ownerDesignName>
<engineerTo>
<item key="BC0D4CD3-FBCA-AC4C-DBB2-0F5A99E6A580" value="true"/>
</engineerTo>
<sourcePk>4A1BB8D3-6BEB-1D51-2B56-EFF51BD6F700</sourcePk>
<identifying>false</identifying>
<optionalSource>true</optionalSource>
<optionalTarget>false</optionalTarget>
<sourceCardinality>1</sourceCardinality>
<sourceEntity>1DE593F6-1433-6327-1CD0-A5DBD9D9C9F6</sourceEntity>
<targetCardinalityString>*</targetCardinalityString>
<targetEntity>FACB3998-EB4D-71DF-0F0D-D46C229EB1A7</targetEntity>
<transferable>true</transferable>
<deleteRule>NO ACTION</deleteRule>
</Relation>