<?xml version = '1.0' encoding = 'UTF-8'?>
<Relation class="oracle.dbtools.crest.model.design.logical.Relation" name="CERTIFICADO_TRANSAC_FINANCIERA_FK" directorySegmentName="seg_0" id="2850483B-F180-8BFD-B091-803E7343CED8">
<createdBy>GOLDEN GAMERS</createdBy>
<createdTime>2024-10-13 21:23:30 UTC</createdTime>
<generatorID>1270AE9D-9010-45AD-A71F-4917B14D2474</generatorID>
<ownerDesignName>modelo</ownerDesignName>
<engineerTo>
<item key="BC0D4CD3-FBCA-AC4C-DBB2-0F5A99E6A580" value="true"/>
</engineerTo>
<sourcePk>379B837C-9117-BA88-0B77-40C97966A755</sourcePk>
<identifying>false</identifying>
<optionalSource>true</optionalSource>
<optionalTarget>false</optionalTarget>
<sourceCardinality>1</sourceCardinality>
<sourceEntity>FAD4A2D9-1D62-492A-2B5A-845BC17D2ECD</sourceEntity>
<targetCardinalityString>*</targetCardinalityString>
<targetEntity>C0661CB5-16D1-DB05-F718-03401C5C2BF8</targetEntity>
<transferable>true</transferable>
<deleteRule>NO ACTION</deleteRule>
</Relation>