<?xml version = '1.0' encoding = 'UTF-8'?>
<Relation class="oracle.dbtools.crest.model.design.logical.Relation" name="SOLICITUD_CERTIFICADO_ESTADO_CERTIFICADO_FK" directorySegmentName="seg_0" id="2EB0A575-8CD1-90A7-96EF-E6285D5C38CF">
<createdBy>GOLDEN GAMERS</createdBy>
<createdTime>2024-10-14 22:41:05 UTC</createdTime>
<generatorID>913252EE-04E4-2A5F-6925-D602152E4112</generatorID>
<ownerDesignName>modelo</ownerDesignName>
<engineerTo>
<item key="BC0D4CD3-FBCA-AC4C-DBB2-0F5A99E6A580" value="true"/>
</engineerTo>
<sourcePk>CFA21047-98B6-473E-FB24-10918CB3459A</sourcePk>
<identifying>true</identifying>
<optionalSource>false</optionalSource>
<optionalTarget>false</optionalTarget>
<sourceCardinality>1</sourceCardinality>
<sourceEntity>A417E503-6893-275F-8499-9E147259343F</sourceEntity>
<targetCardinalityString>*</targetCardinalityString>
<targetEntity>8BCC2222-A647-A09E-E2BD-62367EBEB841</targetEntity>
<transferable>true</transferable>
<deleteRule>CASCADE</deleteRule>
</Relation>