<?xml version = '1.0' encoding = 'UTF-8'?>
<Relation class="oracle.dbtools.crest.model.design.logical.Relation" name="ACTIVIDAD_TIPO_ACTIVIDAD_FK" directorySegmentName="seg_0" id="30BF7329-17C1-71EE-D371-C2DCB4D30069">
<createdBy>GOLDEN GAMERS</createdBy>
<createdTime>2024-10-13 07:59:08 UTC</createdTime>
<generatorID>45B76BBB-C92F-4766-C610-E23F72518F9C</generatorID>
<ownerDesignName>modelo</ownerDesignName>
<engineerTo>
<item key="BC0D4CD3-FBCA-AC4C-DBB2-0F5A99E6A580" value="true"/>
</engineerTo>
<sourcePk>9B16E266-9630-06EC-7320-F9F0407A2757</sourcePk>
<identifying>false</identifying>
<optionalSource>true</optionalSource>
<optionalTarget>false</optionalTarget>
<sourceCardinality>1</sourceCardinality>
<sourceEntity>01E4E4A0-8AF9-DFA6-705B-8EE23233246F</sourceEntity>
<targetCardinalityString>*</targetCardinalityString>
<targetEntity>C4FF8317-129C-FE17-5E90-D460472C0B62</targetEntity>
<transferable>true</transferable>
<deleteRule>NO ACTION</deleteRule>
</Relation>