<?xml version = '1.0' encoding = 'UTF-8'?>
<Relation class="oracle.dbtools.crest.model.design.logical.Relation" name="CERT_MATRIMONIO_CERTIFICADO_FK" directorySegmentName="seg_0" id="35E613D7-965D-9656-5B5D-B46174D12925">
<createdBy>GOLDEN GAMERS</createdBy>
<createdTime>2024-10-16 16:07:45 UTC</createdTime>
<generatorID>64CDE3A4-BC21-595D-031E-C635CECC13D4</generatorID>
<ownerDesignName>modelo</ownerDesignName>
<engineerTo>
<item key="BC0D4CD3-FBCA-AC4C-DBB2-0F5A99E6A580" value="true"/>
</engineerTo>
<sourcePk>A97C4A7B-032E-834A-7405-607720803BB5</sourcePk>
<identifying>false</identifying>
<optionalSource>true</optionalSource>
<optionalTarget>false</optionalTarget>
<sourceCardinality>1</sourceCardinality>
<sourceEntity>C0661CB5-16D1-DB05-F718-03401C5C2BF8</sourceEntity>
<targetCardinalityString>*</targetCardinalityString>
<targetEntity>BBA63A2C-CA75-8FCE-E925-176A052009F1</targetEntity>
<transferable>true</transferable>
<deleteRule>NO ACTION</deleteRule>
</Relation>