<?xml version = '1.0' encoding = 'UTF-8'?>
<Relation class="oracle.dbtools.crest.model.design.logical.Relation" name="ACTIVIDAD_TRANSAC_FINANCIERA_FK" directorySegmentName="seg_0" id="3D35A0A7-26BB-5D8D-7549-CCD27D6EBC02">
<createdBy>GOLDEN GAMERS</createdBy>
<createdTime>2024-10-13 21:23:30 UTC</createdTime>
<generatorID>18A2E284-EBF8-1701-08E9-F58AB354B097</generatorID>
<ownerDesignName>modelo</ownerDesignName>
<engineerTo>
<item key="BC0D4CD3-FBCA-AC4C-DBB2-0F5A99E6A580" value="true"/>
</engineerTo>
<sourcePk>379B837C-9117-BA88-0B77-40C97966A755</sourcePk>
<identifying>false</identifying>
<optionalSource>true</optionalSource>
<optionalTarget>false</optionalTarget>
<sourceCardinality>1</sourceCardinality>
<sourceEntity>FAD4A2D9-1D62-492A-2B5A-845BC17D2ECD</sourceEntity>
<targetCardinalityString>*</targetCardinalityString>
<targetEntity>C4FF8317-129C-FE17-5E90-D460472C0B62</targetEntity>
<transferable>true</transferable>
<deleteRule>NO ACTION</deleteRule>
</Relation>