<?xml version = '1.0' encoding = 'UTF-8'?>
<Relation class="oracle.dbtools.crest.model.design.logical.Relation" name="CERT_ENC_BAUTISMAL_CERTIFICADO_FK" directorySegmentName="seg_0" id="44A7DB67-52FA-F854-7C35-11BAD309B6EA">
<createdBy>GOLDEN GAMERS</createdBy>
<createdTime>2024-10-16 16:07:45 UTC</createdTime>
<generatorID>42F3AC54-1D2C-6CC4-D7DB-B8791F08C3D8</generatorID>
<ownerDesignName>modelo</ownerDesignName>
<engineerTo>
<item key="BC0D4CD3-FBCA-AC4C-DBB2-0F5A99E6A580" value="true"/>
</engineerTo>
<sourcePk>A97C4A7B-032E-834A-7405-607720803BB5</sourcePk>
<identifying>false</identifying>
<optionalSource>true</optionalSource>
<optionalTarget>false</optionalTarget>
<sourceCardinality>1</sourceCardinality>
<sourceEntity>C0661CB5-16D1-DB05-F718-03401C5C2BF8</sourceEntity>
<targetCardinalityString>*</targetCardinalityString>
<targetEntity>C7A1A0BB-AECF-0881-6BF7-F990D7D3A11A</targetEntity>
<transferable>true</transferable>
<deleteRule>NO ACTION</deleteRule>
</Relation>