<?xml version = '1.0' encoding = 'UTF-8'?>
<Relation class="oracle.dbtools.crest.model.design.logical.Relation" name="SOLICITUD_CERTIFICADO_CERTIFICADO_FK" directorySegmentName="seg_0" id="502E9E0F-DA92-611E-806F-4454FDEA1841">
<createdBy>GOLDEN GAMERS</createdBy>
<createdTime>2024-10-13 21:23:30 UTC</createdTime>
<generatorID>AC30BC05-9399-C326-B4D8-D0E93DD5F81B</generatorID>
<ownerDesignName>modelo</ownerDesignName>
<engineerTo>
<item key="BC0D4CD3-FBCA-AC4C-DBB2-0F5A99E6A580" value="true"/>
</engineerTo>
<sourcePk>A97C4A7B-032E-834A-7405-607720803BB5</sourcePk>
<identifying>true</identifying>
<optionalSource>false</optionalSource>
<optionalTarget>false</optionalTarget>
<sourceCardinality>1</sourceCardinality>
<sourceEntity>C0661CB5-16D1-DB05-F718-03401C5C2BF8</sourceEntity>
<targetCardinalityString>*</targetCardinalityString>
<targetEntity>8BCC2222-A647-A09E-E2BD-62367EBEB841</targetEntity>
<transferable>true</transferable>
<deleteRule>CASCADE</deleteRule>
</Relation>