<?xml version = '1.0' encoding = 'UTF-8'?>
<Relation class="oracle.dbtools.crest.model.design.logical.Relation" name="RESERVA_ESPACIO_FK" directorySegmentName="seg_0" id="659EC51C-1752-C9D2-1F54-D78D68FFFA79">
<createdBy>GOLDEN GAMERS</createdBy>
<createdTime>2024-10-13 07:59:08 UTC</createdTime>
<generatorID>3C7DF479-E4E9-C790-C181-2B0D58A4E012</generatorID>
<ownerDesignName>modelo</ownerDesignName>
<engineerTo>
<item key="BC0D4CD3-FBCA-AC4C-DBB2-0F5A99E6A580" value="true"/>
</engineerTo>
<sourcePk>94BB1C08-EC5F-AFDD-1568-A7F915FCFC8E</sourcePk>
<identifying>false</identifying>
<optionalSource>true</optionalSource>
<optionalTarget>false</optionalTarget>
<sourceCardinality>1</sourceCardinality>
<sourceEntity>029E5207-DB17-FB7F-1E55-B0EF9807F4BD</sourceEntity>
<targetCardinalityString>*</targetCardinalityString>
<targetEntity>4C91918F-0DFF-0460-2A98-B52348F5F394</targetEntity>
<transferable>true</transferable>
<deleteRule>NO ACTION</deleteRule>
</Relation>