<?xml version = '1.0' encoding = 'UTF-8'?>
<Relation class="oracle.dbtools.crest.model.design.logical.Relation" name="RESERVA_ACTIVIDAD_FK" directorySegmentName="seg_0" id="6B793504-2C65-58DB-F816-D375628326CF">
<createdBy>GOLDEN GAMERS</createdBy>
<createdTime>2024-10-13 07:59:08 UTC</createdTime>
<generatorID>A0D51491-A1E6-09B0-1A06-54B4F82C7004</generatorID>
<ownerDesignName>modelo</ownerDesignName>
<engineerTo>
<item key="BC0D4CD3-FBCA-AC4C-DBB2-0F5A99E6A580" value="true"/>
</engineerTo>
<sourcePk>39E1A740-46E2-83DC-2A7E-40C2382D12ED</sourcePk>
<identifying>false</identifying>
<optionalSource>true</optionalSource>
<optionalTarget>false</optionalTarget>
<sourceCardinality>1</sourceCardinality>
<sourceEntity>C4FF8317-129C-FE17-5E90-D460472C0B62</sourceEntity>
<targetCardinalityString>*</targetCardinalityString>
<targetEntity>4C91918F-0DFF-0460-2A98-B52348F5F394</targetEntity>
<transferable>true</transferable>
<deleteRule>NO ACTION</deleteRule>
</Relation>