<?xml version = '1.0' encoding = 'UTF-8'?>
<Relation class="oracle.dbtools.crest.model.design.logical.Relation" name="SOLICITUD_CERTIFICADO_USUARIO_FK" directorySegmentName="seg_0" id="6DE03F5C-2F9A-0B32-356E-D8F9FCB0FBC1">
<createdBy>GOLDEN GAMERS</createdBy>
<createdTime>2024-10-16 16:07:45 UTC</createdTime>
<generatorID>C275F33C-F03B-2FA4-DEC9-0EFF0CBFDF9B</generatorID>
<ownerDesignName>modelo</ownerDesignName>
<engineerTo>
<item key="BC0D4CD3-FBCA-AC4C-DBB2-0F5A99E6A580" value="true"/>
</engineerTo>
<sourcePk>4A1BB8D3-6BEB-1D51-2B56-EFF51BD6F700</sourcePk>
<identifying>true</identifying>
<optionalSource>false</optionalSource>
<optionalTarget>false</optionalTarget>
<sourceCardinality>1</sourceCardinality>
<sourceEntity>1DE593F6-1433-6327-1CD0-A5DBD9D9C9F6</sourceEntity>
<targetCardinalityString>*</targetCardinalityString>
<targetEntity>8BCC2222-A647-A09E-E2BD-62367EBEB841</targetEntity>
<transferable>true</transferable>
<deleteRule>CASCADE</deleteRule>
</Relation>