<?xml version = '1.0' encoding = 'UTF-8'?>
<Relation class="oracle.dbtools.crest.model.design.logical.Relation" name="INT_PADRINO_PADRINO_FK" directorySegmentName="seg_0" id="8336A94A-D44F-E65A-911D-A2B192FFFCD6">
<createdBy>mimi</createdBy>
<createdTime>2024-10-13 05:44:34 UTC</createdTime>
<generatorID>6209CE96-2341-4114-64A6-761F43E57620</generatorID>
<ownerDesignName>modelo</ownerDesignName>
<engineerTo>
<item key="BC0D4CD3-FBCA-AC4C-DBB2-0F5A99E6A580" value="true"/>
</engineerTo>
<sourcePk>03EBFC45-CF19-826E-100E-4F65AD0FF1B0</sourcePk>
<identifying>false</identifying>
<optionalSource>true</optionalSource>
<optionalTarget>false</optionalTarget>
<sourceCardinality>1</sourceCardinality>
<sourceEntity>D1C09AB1-B241-456B-F236-DD725A7D428F</sourceEntity>
<targetCardinalityString>*</targetCardinalityString>
<targetEntity>7E665DCE-9CAC-5C0E-ABE5-8C3DC8DBF63B</targetEntity>
<transferable>true</transferable>
<deleteRule>NO ACTION</deleteRule>
</Relation>