<?xml version = '1.0' encoding = 'UTF-8'?>
<Relation class="oracle.dbtools.crest.model.design.logical.Relation" name="APORTE_COMPROBANTE_FK" directorySegmentName="seg_0" id="908878B8-CA5D-DA4B-2C9E-D2B1EE9F168E">
<createdBy>GOLDEN GAMERS</createdBy>
<createdTime>2024-10-16 16:07:45 UTC</createdTime>
<generatorID>7B0010ED-8360-5669-B179-DDBE89CE7449</generatorID>
<ownerDesignName>modelo</ownerDesignName>
<engineerTo>
<item key="BC0D4CD3-FBCA-AC4C-DBB2-0F5A99E6A580" value="true"/>
</engineerTo>
<sourcePk>0D144BD1-E104-DDFA-0060-866C56329A76</sourcePk>
<identifying>false</identifying>
<optionalSource>true</optionalSource>
<optionalTarget>false</optionalTarget>
<sourceCardinality>1</sourceCardinality>
<sourceEntity>962EA3FB-76B7-8904-8C23-A5ADEF920641</sourceEntity>
<targetCardinalityString>*</targetCardinalityString>
<targetEntity>84D3B81B-4D60-5B87-1C30-0DD23F72C3AF</targetEntity>
<transferable>true</transferable>
<deleteRule>NO ACTION</deleteRule>
</Relation>