<?xml version = '1.0' encoding = 'UTF-8'?>
<Relation class="oracle.dbtools.crest.model.design.logical.Relation" name="CERTIFICADO_ACTO_FK" directorySegmentName="seg_0" id="A2043B38-FA85-A7DD-2EB6-18C158B5E51D">
<createdBy>GOLDEN GAMERS</createdBy>
<createdTime>2024-10-16 16:07:45 UTC</createdTime>
<generatorID>7718A244-3CB8-2C76-8C98-090979CD31AB</generatorID>
<ownerDesignName>modelo</ownerDesignName>
<engineerTo>
<item key="BC0D4CD3-FBCA-AC4C-DBB2-0F5A99E6A580" value="true"/>
</engineerTo>
<sourcePk>DD283A7B-8E1A-5395-B125-407A88D3E431</sourcePk>
<identifying>false</identifying>
<optionalSource>true</optionalSource>
<optionalTarget>false</optionalTarget>
<sourceCardinality>1</sourceCardinality>
<sourceEntity>A28CE251-A5D7-B8AC-D40A-717B780D682A</sourceEntity>
<targetCardinalityString>*</targetCardinalityString>
<targetEntity>C0661CB5-16D1-DB05-F718-03401C5C2BF8</targetEntity>
<transferable>true</transferable>
<deleteRule>NO ACTION</deleteRule>
</Relation>