<?xml version = '1.0' encoding = 'UTF-8'?>
<Relation class="oracle.dbtools.crest.model.design.logical.Relation" name="CERT_CONFIRMACION_CERTIFICADO_FK" directorySegmentName="seg_0" id="A72AAE3A-BC39-07D9-E149-CB562D048288">
<createdBy>GOLDEN GAMERS</createdBy>
<createdTime>2024-10-16 16:07:45 UTC</createdTime>
<generatorID>B8F3999B-5026-417E-8514-88B442847749</generatorID>
<ownerDesignName>modelo</ownerDesignName>
<engineerTo>
<item key="BC0D4CD3-FBCA-AC4C-DBB2-0F5A99E6A580" value="true"/>
</engineerTo>
<sourcePk>A97C4A7B-032E-834A-7405-607720803BB5</sourcePk>
<identifying>false</identifying>
<optionalSource>true</optionalSource>
<optionalTarget>false</optionalTarget>
<sourceCardinality>1</sourceCardinality>
<sourceEntity>C0661CB5-16D1-DB05-F718-03401C5C2BF8</sourceEntity>
<targetCardinalityString>*</targetCardinalityString>
<targetEntity>C501541B-61DB-188C-C152-480183173CFE</targetEntity>
<transferable>true</transferable>
<deleteRule>NO ACTION</deleteRule>
</Relation>