<?xml version = '1.0' encoding = 'UTF-8'?>
<Relation class="oracle.dbtools.crest.model.design.logical.Relation" name="CERTIFICADO_INT_PADRINO_FK" directorySegmentName="seg_0" id="A7D35B1E-CCD2-5431-6EB1-5259DFC1B5A3">
<createdBy>GOLDEN GAMERS</createdBy>
<createdTime>2024-10-13 07:59:08 UTC</createdTime>
<generatorID>EB14FAA5-2374-CA30-624E-E7A521E6798C</generatorID>
<ownerDesignName>modelo</ownerDesignName>
<engineerTo>
<item key="BC0D4CD3-FBCA-AC4C-DBB2-0F5A99E6A580" value="true"/>
</engineerTo>
<sourcePk>AF8F56F7-2E77-BCAA-5714-7CBC6C06CE58</sourcePk>
<identifying>false</identifying>
<optionalSource>true</optionalSource>
<optionalTarget>false</optionalTarget>
<sourceCardinality>1</sourceCardinality>
<sourceEntity>7E665DCE-9CAC-5C0E-ABE5-8C3DC8DBF63B</sourceEntity>
<targetCardinalityString>*</targetCardinalityString>
<targetEntity>C0661CB5-16D1-DB05-F718-03401C5C2BF8</targetEntity>
<transferable>true</transferable>
<deleteRule>NO ACTION</deleteRule>
</Relation>