<?xml version = '1.0' encoding = 'UTF-8'?>
<Relation class="oracle.dbtools.crest.model.design.logical.Relation" name="HISTORIAL_EST_ESTADO_RESERVA_FK" directorySegmentName="seg_0" id="D535F1AB-5D8E-E6E9-6B8A-EF97DA721908">
<createdBy>GOLDEN GAMERS</createdBy>
<createdTime>2024-10-16 16:07:45 UTC</createdTime>
<generatorID>0D1BC3BA-CF6D-A080-164D-98E8CE8E8FF1</generatorID>
<ownerDesignName>modelo</ownerDesignName>
<engineerTo>
<item key="BC0D4CD3-FBCA-AC4C-DBB2-0F5A99E6A580" value="true"/>
</engineerTo>
<sourcePk>F818C2B7-E9DD-6745-FC7E-5226A6F4526C</sourcePk>
<identifying>true</identifying>
<optionalSource>false</optionalSource>
<optionalTarget>false</optionalTarget>
<sourceCardinality>1</sourceCardinality>
<sourceEntity>50966CD8-7249-00AB-0A7F-9A21C27181BD</sourceEntity>
<targetCardinalityString>*</targetCardinalityString>
<targetEntity>96A91797-6B8F-E055-1C8F-E1F5641FCCBA</targetEntity>
<transferable>true</transferable>
<deleteRule>CASCADE</deleteRule>
</Relation>