<?xml version = '1.0' encoding = 'UTF-8'?>
<Relation class="oracle.dbtools.crest.model.design.logical.Relation" name="COMPROBANTE_FELIGRES_FK" directorySegmentName="seg_0" id="F525E6D7-E7A5-F9E1-D184-5A35A2F81388">
<createdBy>GOLDEN GAMERS</createdBy>
<createdTime>2024-10-14 22:41:05 UTC</createdTime>
<generatorID>06C5CE90-3777-4A26-F8A4-9C93290371E9</generatorID>
<ownerDesignName>modelo</ownerDesignName>
<engineerTo>
<item key="BC0D4CD3-FBCA-AC4C-DBB2-0F5A99E6A580" value="true"/>
</engineerTo>
<sourcePk>1F48B64F-F7FA-50A0-D38B-01138539BD76</sourcePk>
<identifying>false</identifying>
<optionalSource>true</optionalSource>
<optionalTarget>false</optionalTarget>
<sourceCardinality>1</sourceCardinality>
<sourceEntity>FACB3998-EB4D-71DF-0F0D-D46C229EB1A7</sourceEntity>
<targetCardinalityString>*</targetCardinalityString>
<targetEntity>962EA3FB-76B7-8904-8C23-A5ADEF920641</targetEntity>
<transferable>true</transferable>
<deleteRule>NO ACTION</deleteRule>
</Relation>