<?xml version = '1.0' encoding = 'UTF-8'?>
<Diagram class="oracle.dbtools.crest.swingui.relational.DPVRelational" name="Relational_1" id="24461CA4-4346-0E81-056F-CACFAE953660">
<createdBy>mimi</createdBy>
<modifiedBy>mimi</modifiedBy>
<createdTime>2024-10-12 03:28:20 UTC</createdTime>
<autoRoute>false</autoRoute>
<boxInbox>true</boxInbox>
<showLegend>false</showLegend>
<showLabels>false</showLabels>
<showRelAttributes>false</showRelAttributes>
<gridEnabled>false</gridEnabled>
<showGrid>false</showGrid>
<diagramColor>-1</diagramColor>
<display>false</display>
<notation>1</notation>
<objectViews>
<OView class="oracle.dbtools.crest.swingui.relational.TVTable" oid="11F70772-2B15-D83B-DA9B-D92153419EBD" otype="Table" vid="F3F218E8-BE73-13B4-E213-839315C01800">
<hideElementsInCurrentOnly>false</hideElementsInCurrentOnly>
<bounds x="3" y="334" width="272" height="184"/>
</OView>
<OView class="oracle.dbtools.crest.swingui.relational.TVTable" oid="126BD862-F7D6-2538-C1CA-32146A6D7C87" otype="Table" vid="ECC433D9-3303-EC63-8297-578B767AB5BB">
<hideElementsInCurrentOnly>false</hideElementsInCurrentOnly>
<bounds x="0" y="520" width="267" height="132"/>
</OView>
<OView class="oracle.dbtools.crest.swingui.relational.TVTable" oid="14EA3F78-4FB8-AC1B-ADE5-502B3B0248F9" otype="Table" vid="7A37614B-93EB-E2D0-33B0-DC97F5B93C2F">
<hideElementsInCurrentOnly>false</hideElementsInCurrentOnly>
<bounds x="483" y="3" width="264" height="77"/>
</OView>
<OView class="oracle.dbtools.crest.swingui.relational.TVTable" oid="2F061004-AF69-2171-5455-17630C86448E" otype="Table" vid="09B18E49-5089-3E88-B7CE-E95BEBE4ABA2">
<hideElementsInCurrentOnly>false</hideElementsInCurrentOnly>
<bounds x="0" y="654" width="369" height="215"/>
</OView>
<OView class="oracle.dbtools.crest.swingui.relational.TVTable" oid="4ACAFCD9-76E2-DFC7-93F9-8A69A4BE285C" otype="Table" vid="D06B1F24-E2BB-F365-9029-4B08FFA0FED9">
<hideElementsInCurrentOnly>false</hideElementsInCurrentOnly>
<bounds x="1588" y="548" width="221" height="97"/>
</OView>
<OView class="oracle.dbtools.crest.swingui.relational.TVTable" oid="5740CCB6-7773-CAFC-016F-02B3B7D3B7D2" otype="Table" vid="33494B8C-7AB6-CB13-A276-9975C6C8BF93">
<hideElementsInCurrentOnly>false</hideElementsInCurrentOnly>
<bounds x="1277" y="7" width="230" height="87"/>
</OView>
<OView class="oracle.dbtools.crest.swingui.relational.TVTable" oid="57D3FF3F-D555-4F4E-8FCC-FC506CBD9539" otype="Table" vid="E1788309-1CB5-48AD-7467-28237F16B1B5">
<hideElementsInCurrentOnly>false</hideElementsInCurrentOnly>
<bounds x="1515" y="77" width="330" height="129"/>
</OView>
<OView class="oracle.dbtools.crest.swingui.relational.TVTable" oid="5CFECE5F-2C53-A355-2208-3A3B191F51E6" otype="Table" vid="DD76EAD8-0574-B9AA-436D-0D5956D614BF">
<hideElementsInCurrentOnly>false</hideElementsInCurrentOnly>
<bounds x="803" y="225" width="276" height="250"/>
</OView>
<OView class="oracle.dbtools.crest.swingui.relational.TVTable" oid="5EB6D64E-EE33-FAED-0BBE-054E34D5EFE7" otype="Table" vid="1D82DB33-E09B-87A3-6CB0-9405C27238C0">
<hideElementsInCurrentOnly>false</hideElementsInCurrentOnly>
<bounds x="3" y="30" width="260" height="123"/>
</OView>
<OView class="oracle.dbtools.crest.swingui.relational.TVTable" oid="797E8002-3F7B-1CCF-011E-A5119CA94C18" otype="Table" vid="5BB8914C-236F-79C2-7060-FAECE5785E38">
<hideElementsInCurrentOnly>false</hideElementsInCurrentOnly>
<bounds x="615" y="658" width="310" height="181"/>
</OView>
<OView class="oracle.dbtools.crest.swingui.relational.TVTable" oid="89E3F781-3016-5BDB-1A7E-6D848E824C7B" otype="Table" vid="29B8756A-DF64-99A0-5681-96F1DC279E47">
<hideElementsInCurrentOnly>false</hideElementsInCurrentOnly>
<bounds x="1518" y="246" width="276" height="231"/>
</OView>
<OView class="oracle.dbtools.crest.swingui.relational.TVTable" oid="91392F09-83C6-DF40-0113-FC1891B94C1E" otype="Table" vid="ADCF297F-248C-7FC3-6115-8C1B926503B5">
<hideElementsInCurrentOnly>false</hideElementsInCurrentOnly>
<bounds x="1219" y="246" width="225" height="97"/>
</OView>
<OView class="oracle.dbtools.crest.swingui.relational.TVTable" oid="94EE4BAD-000D-A5C2-97E9-B9C4ED486B9A" otype="Table" vid="30A18DC7-250D-A7CF-6BA6-946D5B488AEC">
<hideElementsInCurrentOnly>false</hideElementsInCurrentOnly>
<bounds x="318" y="114" width="427" height="477"/>
</OView>
<OView class="oracle.dbtools.crest.swingui.relational.TVTable" oid="A1FBA5D0-B281-8E75-94E8-B20D7DA3808A" otype="Table" vid="E44FB2BC-8256-0CA9-2E17-31FC0B859852">
<hideElementsInCurrentOnly>false</hideElementsInCurrentOnly>
<bounds x="1187" y="516" width="346" height="153"/>
</OView>
<OView class="oracle.dbtools.crest.swingui.relational.TVTable" oid="AD0E1D00-E40C-E4D3-D8FC-EBBD5004D5CE" otype="Table" vid="42695F05-09EF-6138-6072-C4758D9112FA">
<hideElementsInCurrentOnly>false</hideElementsInCurrentOnly>
<bounds x="5" y="202" width="236" height="116"/>
</OView>
<OView class="oracle.dbtools.crest.swingui.relational.TVTable" oid="AE59CB01-E8E4-F581-1B1F-D76124709F9A" otype="Table" vid="C57D32B8-204C-DA24-1014-1610FD3BF696">
<hideElementsInCurrentOnly>false</hideElementsInCurrentOnly>
<bounds x="371" y="620" width="244" height="143"/>
</OView>
<OView class="oracle.dbtools.crest.swingui.relational.TVTable" oid="D027E270-8B99-4439-7A09-201EA8B5430B" otype="Table" vid="278EB914-E732-7505-97F3-9034EC22A813">
<hideElementsInCurrentOnly>false</hideElementsInCurrentOnly>
<bounds x="962" y="694" width="312" height="166"/>
</OView>
<OView class="oracle.dbtools.crest.swingui.relational.TVTable" oid="D1609277-2739-9F6F-8A64-48FB066C0DDA" otype="Table" vid="0FE773A6-5CC0-486F-9FB4-9102C04C60B0">
<hideElementsInCurrentOnly>false</hideElementsInCurrentOnly>
<bounds x="1255" y="111" width="224" height="88"/>
</OView>
<OView class="oracle.dbtools.crest.swingui.relational.TVTable" oid="F7A4ACFE-E65C-B5B0-762E-0B8108209977" otype="Table" vid="F10FE9B3-1CDF-8568-A651-91BB583BA028">
<hideElementsInCurrentOnly>false</hideElementsInCurrentOnly>
<bounds x="1334" y="704" width="356" height="157"/>
</OView>
<OView class="oracle.dbtools.crest.swingui.relational.TVTable" oid="F9F28ACA-8151-5DEE-F171-DED1EF9E03A0" otype="Table" vid="7CB29BB6-264D-A303-5376-CF75CB4ACF56">
<hideElementsInCurrentOnly>false</hideElementsInCurrentOnly>
<bounds x="791" y="0" width="446" height="182"/>
</OView>
<OView class="oracle.dbtools.crest.swingui.relational.TVTable" oid="FD4652A6-4B7E-4115-0E3A-E230D6B8C097" otype="Table" vid="B78BD8CD-016E-5238-68D2-1E4E21CC7CBD">
<hideElementsInCurrentOnly>false</hideElementsInCurrentOnly>
<bounds x="878" y="511" width="258" height="119"/>
</OView>
</objectViews>
<connectors>
<Connector class="oracle.dbtools.crest.swingui.relational.TVFKRelation" oid="06C5CE90-3777-4A26-F8A4-9C93290371E9" otype="FKIndexAssociation" vid_source="5BB8914C-236F-79C2-7060-FAECE5785E38" vid_target="278EB914-E732-7505-97F3-9034EC22A813">
<hideElementsInCurrentOnly>false</hideElementsInCurrentOnly>
<backgroundColor>-16777216</backgroundColor>
<lineWidth>1</lineWidth>
<points>
<point x="925" y="766"/>
<point x="962" y="766"/>
</points>
</Connector>
<Connector class="oracle.dbtools.crest.swingui.relational.TVFKRelation" oid="0D0B0D41-7C02-A294-E40A-C4F0265C858F" otype="FKIndexAssociation" vid_source="29B8756A-DF64-99A0-5681-96F1DC279E47" vid_target="E1788309-1CB5-48AD-7467-28237F16B1B5">
<hideElementsInCurrentOnly>false</hideElementsInCurrentOnly>
<backgroundColor>-16777216</backgroundColor>
<lineWidth>1</lineWidth>
<points>
<point x="1656" y="246"/>
<point x="1656" y="206"/>
</points>
</Connector>
<Connector class="oracle.dbtools.crest.swingui.relational.TVFKRelation" oid="0D1BC3BA-CF6D-A080-164D-98E8CE8E8FF1" otype="FKIndexAssociation" vid_source="0FE773A6-5CC0-486F-9FB4-9102C04C60B0" vid_target="E1788309-1CB5-48AD-7467-28237F16B1B5">
<hideElementsInCurrentOnly>false</hideElementsInCurrentOnly>
<backgroundColor>-16777216</backgroundColor>
<lineWidth>1</lineWidth>
<points>
<point x="1479" y="155"/>
<point x="1515" y="155"/>
</points>
</Connector>
<Connector class="oracle.dbtools.crest.swingui.relational.TVFKRelation" oid="1270AE9D-9010-45AD-A71F-4917B14D2474" otype="FKIndexAssociation" vid_source="B78BD8CD-016E-5238-68D2-1E4E21CC7CBD" vid_target="30A18DC7-250D-A7CF-6BA6-946D5B488AEC">
<hideElementsInCurrentOnly>false</hideElementsInCurrentOnly>
<backgroundColor>-16777216</backgroundColor>
<lineWidth>1</lineWidth>
<points>
<point x="878" y="551"/>
<point x="745" y="551"/>
</points>
</Connector>
<Connector class="oracle.dbtools.crest.swingui.relational.TVFKRelation" oid="18A2E284-EBF8-1701-08E9-F58AB354B097" otype="FKIndexAssociation" vid_source="B78BD8CD-016E-5238-68D2-1E4E21CC7CBD" vid_target="E44FB2BC-8256-0CA9-2E17-31FC0B859852">
<hideElementsInCurrentOnly>false</hideElementsInCurrentOnly>
<backgroundColor>-16777216</backgroundColor>
<lineWidth>1</lineWidth>
<points>
<point x="1136" y="573"/>
<point x="1187" y="573"/>
</points>
</Connector>
<Connector class="oracle.dbtools.crest.swingui.relational.TVFKRelation" oid="3C7DF479-E4E9-C790-C181-2B0D58A4E012" otype="FKIndexAssociation" vid_source="ADCF297F-248C-7FC3-6115-8C1B926503B5" vid_target="29B8756A-DF64-99A0-5681-96F1DC279E47">
<hideElementsInCurrentOnly>false</hideElementsInCurrentOnly>
<backgroundColor>-16777216</backgroundColor>
<lineWidth>1</lineWidth>
<points>
<point x="1444" y="294"/>
<point x="1518" y="294"/>
</points>
</Connector>
<Connector class="oracle.dbtools.crest.swingui.relational.TVFKRelation" oid="42F3AC54-1D2C-6CC4-D7DB-B8791F08C3D8" otype="FKIndexAssociation" vid_source="30A18DC7-250D-A7CF-6BA6-946D5B488AEC" vid_target="C57D32B8-204C-DA24-1014-1610FD3BF696">
<hideElementsInCurrentOnly>false</hideElementsInCurrentOnly>
<backgroundColor>-16777216</backgroundColor>
<lineWidth>1</lineWidth>
<points>
<point x="493" y="591"/>
<point x="493" y="620"/>
</points>
</Connector>
<Connector class="oracle.dbtools.crest.swingui.relational.TVFKRelation" oid="45B76BBB-C92F-4766-C610-E23F72518F9C" otype="FKIndexAssociation" vid_source="D06B1F24-E2BB-F365-9029-4B08FFA0FED9" vid_target="E44FB2BC-8256-0CA9-2E17-31FC0B859852">
<hideElementsInCurrentOnly>false</hideElementsInCurrentOnly>
<backgroundColor>-16777216</backgroundColor>
<lineWidth>1</lineWidth>
<points>
<point x="1588" y="596"/>
<point x="1533" y="596"/>
</points>
</Connector>
<Connector class="oracle.dbtools.crest.swingui.relational.TVFKRelation" oid="6209CE96-2341-4114-64A6-761F43E57620" otype="FKIndexAssociation" vid_source="42695F05-09EF-6138-6072-C4758D9112FA" vid_target="1D82DB33-E09B-87A3-6CB0-9405C27238C0">
<hideElementsInCurrentOnly>false</hideElementsInCurrentOnly>
<backgroundColor>-16777216</backgroundColor>
<lineWidth>1</lineWidth>
<points>
<point x="123" y="202"/>
<point x="123" y="153"/>
</points>
</Connector>
<Connector class="oracle.dbtools.crest.swingui.relational.TVFKRelation" oid="64CDE3A4-BC21-595D-031E-C635CECC13D4" otype="FKIndexAssociation" vid_source="30A18DC7-250D-A7CF-6BA6-946D5B488AEC" vid_target="09B18E49-5089-3E88-B7CE-E95BEBE4ABA2">
<hideElementsInCurrentOnly>false</hideElementsInCurrentOnly>
<backgroundColor>-16777216</backgroundColor>
<lineWidth>1</lineWidth>
<points>
<point x="343" y="591"/>
<point x="343" y="654"/>
</points>
</Connector>
<Connector class="oracle.dbtools.crest.swingui.relational.TVFKRelation" oid="66CDD2E4-466E-4100-B575-7CA5ADEF8598" otype="FKIndexAssociation" vid_source="30A18DC7-250D-A7CF-6BA6-946D5B488AEC" vid_target="ECC433D9-3303-EC63-8297-578B767AB5BB">
<hideElementsInCurrentOnly>false</hideElementsInCurrentOnly>
<backgroundColor>-16777216</backgroundColor>
<lineWidth>1</lineWidth>
<points>
<point x="318" y="555"/>
<point x="267" y="555"/>
</points>
</Connector>
<Connector class="oracle.dbtools.crest.swingui.relational.TVFKRelation" oid="7718A244-3CB8-2C76-8C98-090979CD31AB" otype="FKIndexAssociation" vid_source="7A37614B-93EB-E2D0-33B0-DC97F5B93C2F" vid_target="30A18DC7-250D-A7CF-6BA6-946D5B488AEC">
<hideElementsInCurrentOnly>false</hideElementsInCurrentOnly>
<backgroundColor>-16777216</backgroundColor>
<lineWidth>1</lineWidth>
<points>
<point x="629" y="80"/>
<point x="629" y="114"/>
</points>
</Connector>
<Connector class="oracle.dbtools.crest.swingui.relational.TVFKRelation" oid="7B0010ED-8360-5669-B179-DDBE89CE7449" otype="FKIndexAssociation" vid_source="278EB914-E732-7505-97F3-9034EC22A813" vid_target="F10FE9B3-1CDF-8568-A651-91BB583BA028">
<hideElementsInCurrentOnly>false</hideElementsInCurrentOnly>
<backgroundColor>-16777216</backgroundColor>
<lineWidth>1</lineWidth>
<points>
<point x="1274" y="752"/>
<point x="1334" y="752"/>
</points>
</Connector>
<Connector class="oracle.dbtools.crest.swingui.relational.TVFKRelation" oid="80212F0C-288D-76E7-133E-9907FB912B80" otype="FKIndexAssociation" vid_source="DD76EAD8-0574-B9AA-436D-0D5956D614BF" vid_target="29B8756A-DF64-99A0-5681-96F1DC279E47">
<hideElementsInCurrentOnly>false</hideElementsInCurrentOnly>
<backgroundColor>-16777216</backgroundColor>
<lineWidth>1</lineWidth>
<points>
<point x="1079" y="360"/>
<point x="1518" y="360"/>
</points>
</Connector>
<Connector class="oracle.dbtools.crest.swingui.relational.TVFKRelation" oid="913252EE-04E4-2A5F-6925-D602152E4112" otype="FKIndexAssociation" vid_source="33494B8C-7AB6-CB13-A276-9975C6C8BF93" vid_target="7CB29BB6-264D-A303-5376-CF75CB4ACF56">
<hideElementsInCurrentOnly>false</hideElementsInCurrentOnly>
<backgroundColor>-16777216</backgroundColor>
<lineWidth>1</lineWidth>
<points>
<point x="1277" y="50"/>
<point x="1237" y="50"/>
</points>
</Connector>
<Connector class="oracle.dbtools.crest.swingui.relational.TVFKRelation" oid="A0D51491-A1E6-09B0-1A06-54B4F82C7004" otype="FKIndexAssociation" vid_source="E44FB2BC-8256-0CA9-2E17-31FC0B859852" vid_target="29B8756A-DF64-99A0-5681-96F1DC279E47">
<hideElementsInCurrentOnly>false</hideElementsInCurrentOnly>
<backgroundColor>-16777216</backgroundColor>
<lineWidth>1</lineWidth>
<points>
<point x="1525" y="516"/>
<point x="1525" y="477"/>
</points>
</Connector>
<Connector class="oracle.dbtools.crest.swingui.relational.TVFKRelation" oid="AC30BC05-9399-C326-B4D8-D0E93DD5F81B" otype="FKIndexAssociation" vid_source="30A18DC7-250D-A7CF-6BA6-946D5B488AEC" vid_target="7CB29BB6-264D-A303-5376-CF75CB4ACF56">
<hideElementsInCurrentOnly>false</hideElementsInCurrentOnly>
<backgroundColor>-16777216</backgroundColor>
<lineWidth>1</lineWidth>
<points>
<point x="745" y="148"/>
<point x="791" y="148"/>
</points>
</Connector>
<Connector class="oracle.dbtools.crest.swingui.relational.TVFKRelation" oid="B8F3999B-5026-417E-8514-88B442847749" otype="FKIndexAssociation" vid_source="30A18DC7-250D-A7CF-6BA6-946D5B488AEC" vid_target="F3F218E8-BE73-13B4-E213-839315C01800">
<hideElementsInCurrentOnly>false</hideElementsInCurrentOnly>
<backgroundColor>-16777216</backgroundColor>
<lineWidth>1</lineWidth>
<points>
<point x="318" y="411"/>
<point x="275" y="411"/>
</points>
</Connector>
<Connector class="oracle.dbtools.crest.swingui.relational.TVFKRelation" oid="C275F33C-F03B-2FA4-DEC9-0EFF0CBFDF9B" otype="FKIndexAssociation" vid_source="DD76EAD8-0574-B9AA-436D-0D5956D614BF" vid_target="7CB29BB6-264D-A303-5376-CF75CB4ACF56">
<hideElementsInCurrentOnly>false</hideElementsInCurrentOnly>
<backgroundColor>-16777216</backgroundColor>
<lineWidth>1</lineWidth>
<points>
<point x="941" y="225"/>
<point x="941" y="182"/>
</points>
</Connector>
<Connector class="oracle.dbtools.crest.swingui.relational.TVFKRelation" oid="DD730093-F0D6-89AD-065A-AA5FD552002F" otype="FKIndexAssociation" vid_source="DD76EAD8-0574-B9AA-436D-0D5956D614BF" vid_target="5BB8914C-236F-79C2-7060-FAECE5785E38">
<hideElementsInCurrentOnly>false</hideElementsInCurrentOnly>
<backgroundColor>-16777216</backgroundColor>
<lineWidth>1</lineWidth>
<points>
<point x="864" y="475"/>
<point x="864" y="658"/>
</points>
</Connector>
<Connector class="oracle.dbtools.crest.swingui.relational.TVFKRelation" oid="EB14FAA5-2374-CA30-624E-E7A521E6798C" otype="FKIndexAssociation" vid_source="1D82DB33-E09B-87A3-6CB0-9405C27238C0" vid_target="30A18DC7-250D-A7CF-6BA6-946D5B488AEC">
<hideElementsInCurrentOnly>false</hideElementsInCurrentOnly>
<backgroundColor>-16777216</backgroundColor>
<lineWidth>1</lineWidth>
<points>
<point x="263" y="133"/>
<point x="318" y="133"/>
</points>
</Connector>
</connectors>
</Diagram>