<?xml version = '1.0' encoding = 'UTF-8'?>
<FKIndexAssociation class="oracle.dbtools.crest.model.design.relational.FKIndexAssociation" directorySegmentName="seg_0" id="06C5CE90-3777-4A26-F8A4-9C93290371E9" containerWithKeyObject="D027E270-8B99-4439-7A09-201EA8B5430B" localFKIndex="E89899F5-5BEB-822A-FDC7-8A9896AFEF4C" name="COMPROBANTE_FELIGRES_FK">
<createdBy>GOLDEN GAMERS</createdBy>
<createdTime>2024-10-14 22:32:02 UTC</createdTime>
<generatorID>1F48B64F-F7FA-50A0-D38B-01138539BD76</generatorID>
<ownerDesignName>modelo</ownerDesignName>
<referredTableLongName>FELIGRES</referredTableLongName>
<deleteRule>NO ACTION</deleteRule>
<referredTableID>797E8002-3F7B-1CCF-011E-A5119CA94C18</referredTableID>
<keyObject>E892BEA2-79F0-8B44-8706-C87CF8D2E5FA</keyObject>
<referredKeyID>E892BEA2-79F0-8B44-8706-C87CF8D2E5FA</referredKeyID>
<mandatory>true</mandatory>
<refColNames>id_feligres</refColNames>
<transferable>true</transferable>
<rely>false</rely>
<columnDependencyConstraintGenerateInDDL>true</columnDependencyConstraintGenerateInDDL>
</FKIndexAssociation>