<?xml version = '1.0' encoding = 'UTF-8'?>
<FKIndexAssociation class="oracle.dbtools.crest.model.design.relational.FKIndexAssociation" directorySegmentName="seg_0" id="0D0B0D41-7C02-A294-E40A-C4F0265C858F" containerWithKeyObject="57D3FF3F-D555-4F4E-8FCC-FC506CBD9539" localFKIndex="5FBB3548-27E7-AF49-B09C-49A251031ACC" name="HISTORIAL_EST_RESERVA_FK">
<createdBy>GOLDEN GAMERS</createdBy>
<createdTime>2024-10-14 23:14:42 UTC</createdTime>
<generatorID>E1FFF1F3-68FF-531F-D524-39837AA294D6</generatorID>
<ownerDesignName>modelo</ownerDesignName>
<referredTableLongName>RESERVA</referredTableLongName>
<deleteRule>CASCADE</deleteRule>
<referredTableID>89E3F781-3016-5BDB-1A7E-6D848E824C7B</referredTableID>
<keyObject>05319E3C-156B-F732-64E6-7D4D85C9A739</keyObject>
<referredKeyID>05319E3C-156B-F732-64E6-7D4D85C9A739</referredKeyID>
<mandatory>true</mandatory>
<refColNames>id_reserva</refColNames>
<transferable>true</transferable>
<rely>false</rely>
<columnDependencyConstraintGenerateInDDL>true</columnDependencyConstraintGenerateInDDL>
</FKIndexAssociation>