<?xml version = '1.0' encoding = 'UTF-8'?>
<FKIndexAssociation class="oracle.dbtools.crest.model.design.relational.FKIndexAssociation" directorySegmentName="seg_0" id="0D1BC3BA-CF6D-A080-164D-98E8CE8E8FF1" containerWithKeyObject="57D3FF3F-D555-4F4E-8FCC-FC506CBD9539" localFKIndex="F237A3E0-F5EA-8669-D195-0AA6DD1E1317" name="HISTORIAL_EST_ESTADO_RESERVA_FK">
<createdBy>GOLDEN GAMERS</createdBy>
<createdTime>2024-10-14 23:14:34 UTC</createdTime>
<generatorID>F818C2B7-E9DD-6745-FC7E-5226A6F4526C</generatorID>
<ownerDesignName>modelo</ownerDesignName>
<referredTableLongName>ESTADO_RESERVA</referredTableLongName>
<deleteRule>CASCADE</deleteRule>
<referredTableID>D1609277-2739-9F6F-8A64-48FB066C0DDA</referredTableID>
<keyObject>A50E8C77-9810-B3FC-E90D-3BF291C01347</keyObject>
<referredKeyID>A50E8C77-9810-B3FC-E90D-3BF291C01347</referredKeyID>
<mandatory>true</mandatory>
<refColNames>id_est_reser</refColNames>
<transferable>true</transferable>
<rely>false</rely>
<columnDependencyConstraintGenerateInDDL>true</columnDependencyConstraintGenerateInDDL>
</FKIndexAssociation>