<?xml version = '1.0' encoding = 'UTF-8'?>
<FKIndexAssociation class="oracle.dbtools.crest.model.design.relational.FKIndexAssociation" directorySegmentName="seg_0" id="1270AE9D-9010-45AD-A71F-4917B14D2474" containerWithKeyObject="94EE4BAD-000D-A5C2-97E9-B9C4ED486B9A" localFKIndex="4923C153-9AA8-5860-11FD-70EA13C85163" name="CERTIFICADO_TRANSAC_FINANCIERA_FK">
<createdBy>GOLDEN GAMERS</createdBy>
<createdTime>2024-10-13 19:46:33 UTC</createdTime>
<generatorID>379B837C-9117-BA88-0B77-40C97966A755</generatorID>
<ownerDesignName>modelo</ownerDesignName>
<referredTableLongName>TRANSAC_FINANCIERA</referredTableLongName>
<deleteRule>NO ACTION</deleteRule>
<referredTableID>FD4652A6-4B7E-4115-0E3A-E230D6B8C097</referredTableID>
<keyObject>3DD79532-E441-4CE7-544E-1E97E4E63BF3</keyObject>
<referredKeyID>3DD79532-E441-4CE7-544E-1E97E4E63BF3</referredKeyID>
<mandatory>true</mandatory>
<refColNames>id_transac</refColNames>
<transferable>true</transferable>
<rely>false</rely>
<columnDependencyConstraintGenerateInDDL>true</columnDependencyConstraintGenerateInDDL>
</FKIndexAssociation>