<?xml version = '1.0' encoding = 'UTF-8'?>
<FKIndexAssociation class="oracle.dbtools.crest.model.design.relational.FKIndexAssociation" directorySegmentName="seg_0" id="18A2E284-EBF8-1701-08E9-F58AB354B097" containerWithKeyObject="A1FBA5D0-B281-8E75-94E8-B20D7DA3808A" localFKIndex="820029B3-2595-1C19-3DB7-52CDFC1CE322" name="ACTIVIDAD_TRANSAC_FINANCIERA_FK">
<createdBy>GOLDEN GAMERS</createdBy>
<createdTime>2024-10-13 19:43:23 UTC</createdTime>
<generatorID>379B837C-9117-BA88-0B77-40C97966A755</generatorID>
<ownerDesignName>modelo</ownerDesignName>
<referredTableLongName>TRANSAC_FINANCIERA</referredTableLongName>
<deleteRule>NO ACTION</deleteRule>
<referredTableID>FD4652A6-4B7E-4115-0E3A-E230D6B8C097</referredTableID>
<keyObject>3DD79532-E441-4CE7-544E-1E97E4E63BF3</keyObject>
<referredKeyID>3DD79532-E441-4CE7-544E-1E97E4E63BF3</referredKeyID>
<mandatory>true</mandatory>
<refColNames>id_transac</refColNames>
<transferable>true</transferable>
<rely>false</rely>
<columnDependencyConstraintGenerateInDDL>true</columnDependencyConstraintGenerateInDDL>
</FKIndexAssociation>