<?xml version = '1.0' encoding = 'UTF-8'?>
<FKIndexAssociation class="oracle.dbtools.crest.model.design.relational.FKIndexAssociation" directorySegmentName="seg_0" id="3C7DF479-E4E9-C790-C181-2B0D58A4E012" containerWithKeyObject="89E3F781-3016-5BDB-1A7E-6D848E824C7B" localFKIndex="3AF6220E-C39E-6ED3-D07E-C302953CBD7F" name="RESERVA_ESPACIO_FK">
<createdBy>GOLDEN GAMERS</createdBy>
<createdTime>2024-10-13 07:04:14 UTC</createdTime>
<generatorID>94BB1C08-EC5F-AFDD-1568-A7F915FCFC8E</generatorID>
<ownerDesignName>modelo</ownerDesignName>
<referredTableLongName>ESPACIO</referredTableLongName>
<deleteRule>NO ACTION</deleteRule>
<referredTableID>91392F09-83C6-DF40-0113-FC1891B94C1E</referredTableID>
<keyObject>A72B90BF-042B-33F6-4D68-5A3F0EF416E2</keyObject>
<referredKeyID>A72B90BF-042B-33F6-4D68-5A3F0EF416E2</referredKeyID>
<mandatory>true</mandatory>
<refColNames>id_espacio</refColNames>
<transferable>true</transferable>
<rely>false</rely>
<columnDependencyConstraintGenerateInDDL>true</columnDependencyConstraintGenerateInDDL>
</FKIndexAssociation>