<?xml version = '1.0' encoding = 'UTF-8'?>
<FKIndexAssociation class="oracle.dbtools.crest.model.design.relational.FKIndexAssociation" directorySegmentName="seg_0" id="42F3AC54-1D2C-6CC4-D7DB-B8791F08C3D8" containerWithKeyObject="AE59CB01-E8E4-F581-1B1F-D76124709F9A" localFKIndex="2A2AB444-4F3B-B6BC-CF79-A065E3359B49" name="CERT_ENC_BAUTISMAL_CERTIFICADO_FK">
<createdBy>GOLDEN GAMERS</createdBy>
<createdTime>2024-10-15 03:06:04 UTC</createdTime>
<generatorID>A97C4A7B-032E-834A-7405-607720803BB5</generatorID>
<ownerDesignName>modelo</ownerDesignName>
<referredTableLongName>CERTIFICADO</referredTableLongName>
<deleteRule>NO ACTION</deleteRule>
<referredTableID>94EE4BAD-000D-A5C2-97E9-B9C4ED486B9A</referredTableID>
<keyObject>9103B1E0-0584-30C6-041D-9F1AD2E93E74</keyObject>
<referredKeyID>9103B1E0-0584-30C6-041D-9F1AD2E93E74</referredKeyID>
<mandatory>true</mandatory>
<refColNames>id_certificado</refColNames>
<transferable>true</transferable>
<rely>false</rely>
<columnDependencyConstraintGenerateInDDL>true</columnDependencyConstraintGenerateInDDL>
</FKIndexAssociation>