<?xml version = '1.0' encoding = 'UTF-8'?>
<FKIndexAssociation class="oracle.dbtools.crest.model.design.relational.FKIndexAssociation" directorySegmentName="seg_0" id="45B76BBB-C92F-4766-C610-E23F72518F9C" containerWithKeyObject="A1FBA5D0-B281-8E75-94E8-B20D7DA3808A" localFKIndex="5C114991-5EF2-E480-1984-5DE09D596B57" name="ACTIVIDAD_TIPO_ACTIVIDAD_FK">
<createdBy>GOLDEN GAMERS</createdBy>
<createdTime>2024-10-13 06:58:02 UTC</createdTime>
<generatorID>9B16E266-9630-06EC-7320-F9F0407A2757</generatorID>
<ownerDesignName>modelo</ownerDesignName>
<referredTableLongName>TIPO_ACTIVIDAD</referredTableLongName>
<deleteRule>NO ACTION</deleteRule>
<referredTableID>4ACAFCD9-76E2-DFC7-93F9-8A69A4BE285C</referredTableID>
<keyObject>3F212C80-C6D1-F704-0615-5C9F83C4F808</keyObject>
<referredKeyID>3F212C80-C6D1-F704-0615-5C9F83C4F808</referredKeyID>
<mandatory>true</mandatory>
<refColNames>id_tip_acr</refColNames>
<transferable>true</transferable>
<rely>false</rely>
<columnDependencyConstraintGenerateInDDL>true</columnDependencyConstraintGenerateInDDL>
</FKIndexAssociation>