<?xml version = '1.0' encoding = 'UTF-8'?>
<FKIndexAssociation class="oracle.dbtools.crest.model.design.relational.FKIndexAssociation" directorySegmentName="seg_0" id="6209CE96-2341-4114-64A6-761F43E57620" containerWithKeyObject="5EB6D64E-EE33-FAED-0BBE-054E34D5EFE7" localFKIndex="FCA35706-32AF-5607-ADCE-9DB1E806772D" name="INT_PADRINO_PADRINO_FK">
<createdBy>mimi</createdBy>
<createdTime>2024-10-13 04:25:03 UTC</createdTime>
<generatorID>03EBFC45-CF19-826E-100E-4F65AD0FF1B0</generatorID>
<ownerDesignName>modelo</ownerDesignName>
<referredTableLongName>PADRINO</referredTableLongName>
<deleteRule>NO ACTION</deleteRule>
<referredTableID>AD0E1D00-E40C-E4D3-D8FC-EBBD5004D5CE</referredTableID>
<keyObject>33A81A90-1E25-CDF3-BAF0-E379FE9D785A</keyObject>
<referredKeyID>33A81A90-1E25-CDF3-BAF0-E379FE9D785A</referredKeyID>
<mandatory>true</mandatory>
<refColNames>id_padrino</refColNames>
<transferable>true</transferable>
<rely>false</rely>
<columnDependencyConstraintGenerateInDDL>true</columnDependencyConstraintGenerateInDDL>
</FKIndexAssociation>