<?xml version = '1.0' encoding = 'UTF-8'?>
<FKIndexAssociation class="oracle.dbtools.crest.model.design.relational.FKIndexAssociation" directorySegmentName="seg_0" id="64CDE3A4-BC21-595D-031E-C635CECC13D4" containerWithKeyObject="2F061004-AF69-2171-5455-17630C86448E" localFKIndex="06C0E9D0-DE77-7C2D-DA56-7BCB56792EAC" name="CERT_MATRIMONIO_CERTIFICADO_FK">
<createdBy>GOLDEN GAMERS</createdBy>
<createdTime>2024-10-15 03:06:01 UTC</createdTime>
<generatorID>A97C4A7B-032E-834A-7405-607720803BB5</generatorID>
<ownerDesignName>modelo</ownerDesignName>
<referredTableLongName>CERTIFICADO</referredTableLongName>
<deleteRule>NO ACTION</deleteRule>
<referredTableID>94EE4BAD-000D-A5C2-97E9-B9C4ED486B9A</referredTableID>
<keyObject>9103B1E0-0584-30C6-041D-9F1AD2E93E74</keyObject>
<referredKeyID>9103B1E0-0584-30C6-041D-9F1AD2E93E74</referredKeyID>
<mandatory>true</mandatory>
<refColNames>id_certificado</refColNames>
<transferable>true</transferable>
<rely>false</rely>
<columnDependencyConstraintGenerateInDDL>true</columnDependencyConstraintGenerateInDDL>
</FKIndexAssociation>