<?xml version = '1.0' encoding = 'UTF-8'?>
<FKIndexAssociation class="oracle.dbtools.crest.model.design.relational.FKIndexAssociation" directorySegmentName="seg_0" id="66CDD2E4-466E-4100-B575-7CA5ADEF8598" containerWithKeyObject="126BD862-F7D6-2538-C1CA-32146A6D7C87" localFKIndex="FDAF60A8-17F7-EE4A-27CB-452C4320F8F2" name="CERT_PAR_BAUTISMO_CERTIFICADO_FK">
<createdBy>GOLDEN GAMERS</createdBy>
<createdTime>2024-10-15 03:05:57 UTC</createdTime>
<generatorID>A97C4A7B-032E-834A-7405-607720803BB5</generatorID>
<ownerDesignName>modelo</ownerDesignName>
<referredTableLongName>CERTIFICADO</referredTableLongName>
<deleteRule>NO ACTION</deleteRule>
<referredTableID>94EE4BAD-000D-A5C2-97E9-B9C4ED486B9A</referredTableID>
<keyObject>9103B1E0-0584-30C6-041D-9F1AD2E93E74</keyObject>
<referredKeyID>9103B1E0-0584-30C6-041D-9F1AD2E93E74</referredKeyID>
<mandatory>true</mandatory>
<refColNames>id_certificado</refColNames>
<transferable>true</transferable>
<rely>false</rely>
<columnDependencyConstraintGenerateInDDL>true</columnDependencyConstraintGenerateInDDL>
</FKIndexAssociation>