<?xml version = '1.0' encoding = 'UTF-8'?>
<FKIndexAssociation class="oracle.dbtools.crest.model.design.relational.FKIndexAssociation" directorySegmentName="seg_0" id="7718A244-3CB8-2C76-8C98-090979CD31AB" containerWithKeyObject="94EE4BAD-000D-A5C2-97E9-B9C4ED486B9A" localFKIndex="7C3CAD5E-3D4D-DD23-82F8-218D9AC89889" name="CERTIFICADO_ACTO_FK">
<createdBy>GOLDEN GAMERS</createdBy>
<createdTime>2024-10-15 03:02:15 UTC</createdTime>
<ownerDesignName>modelo</ownerDesignName>
<referredTableLongName>ACTO</referredTableLongName>
<deleteRule>NO ACTION</deleteRule>
<referredTableID>14EA3F78-4FB8-AC1B-ADE5-502B3B0248F9</referredTableID>
<keyObject>EAF5BC34-844E-34C2-CC27-58F992645DC6</keyObject>
<referredKeyID>EAF5BC34-844E-34C2-CC27-58F992645DC6</referredKeyID>
<mandatory>true</mandatory>
<refColNames>id_acto</refColNames>
<transferable>true</transferable>
<rely>false</rely>
<columnDependencyConstraintGenerateInDDL>true</columnDependencyConstraintGenerateInDDL>
</FKIndexAssociation>