<?xml version = '1.0' encoding = 'UTF-8'?>
<FKIndexAssociation class="oracle.dbtools.crest.model.design.relational.FKIndexAssociation" directorySegmentName="seg_0" id="7B0010ED-8360-5669-B179-DDBE89CE7449" containerWithKeyObject="F7A4ACFE-E65C-B5B0-762E-0B8108209977" localFKIndex="072FCD9E-B9FB-6AF7-1B59-F8AFB5FA0FEA" name="APORTE_COMPROBANTE_FK">
<createdBy>GOLDEN GAMERS</createdBy>
<createdTime>2024-10-14 23:22:37 UTC</createdTime>
<generatorID>0D144BD1-E104-DDFA-0060-866C56329A76</generatorID>
<ownerDesignName>modelo</ownerDesignName>
<referredTableLongName>COMPROBANTE</referredTableLongName>
<deleteRule>NO ACTION</deleteRule>
<referredTableID>D027E270-8B99-4439-7A09-201EA8B5430B</referredTableID>
<keyObject>DE774429-E4EF-162D-A8E4-D6FDDCC92216</keyObject>
<referredKeyID>DE774429-E4EF-162D-A8E4-D6FDDCC92216</referredKeyID>
<mandatory>true</mandatory>
<refColNames>id_comprobante</refColNames>
<transferable>true</transferable>
<rely>false</rely>
<columnDependencyConstraintGenerateInDDL>true</columnDependencyConstraintGenerateInDDL>
</FKIndexAssociation>