<?xml version = '1.0' encoding = 'UTF-8'?>
<FKIndexAssociation class="oracle.dbtools.crest.model.design.relational.FKIndexAssociation" directorySegmentName="seg_0" id="80212F0C-288D-76E7-133E-9907FB912B80" containerWithKeyObject="89E3F781-3016-5BDB-1A7E-6D848E824C7B" localFKIndex="46708851-1355-CFF0-8898-22FCF4E3CB71" name="RESERVA_USUARIO_FK">
<createdBy>GOLDEN GAMERS</createdBy>
<createdTime>2024-10-14 23:10:51 UTC</createdTime>
<generatorID>0FDC4F20-47EB-B05E-CA2C-31E570BAC6EE</generatorID>
<ownerDesignName>modelo</ownerDesignName>
<referredTableLongName>USUARIO</referredTableLongName>
<deleteRule>NO ACTION</deleteRule>
<referredTableID>5CFECE5F-2C53-A355-2208-3A3B191F51E6</referredTableID>
<keyObject>798A55A6-A283-C5F1-202C-14DBE248D6C2</keyObject>
<referredKeyID>798A55A6-A283-C5F1-202C-14DBE248D6C2</referredKeyID>
<mandatory>true</mandatory>
<refColNames>id_usuario</refColNames>
<transferable>true</transferable>
<rely>false</rely>
<columnDependencyConstraintGenerateInDDL>true</columnDependencyConstraintGenerateInDDL>
</FKIndexAssociation>