<?xml version = '1.0' encoding = 'UTF-8'?>
<FKIndexAssociation class="oracle.dbtools.crest.model.design.relational.FKIndexAssociation" directorySegmentName="seg_0" id="913252EE-04E4-2A5F-6925-D602152E4112" containerWithKeyObject="F9F28ACA-8151-5DEE-F171-DED1EF9E03A0" localFKIndex="8CCD6704-4BBC-5DDA-D6EA-8B6F7CE90CA5" name="SOLICITUD_CERTIFICADO_ESTADO_CERTIFICADO_FK">
<createdBy>GOLDEN GAMERS</createdBy>
<createdTime>2024-10-13 22:57:07 UTC</createdTime>
<ownerDesignName>modelo</ownerDesignName>
<referredTableLongName>ESTADO_CERTIFICADO</referredTableLongName>
<deleteRule>CASCADE</deleteRule>
<referredTableID>5740CCB6-7773-CAFC-016F-02B3B7D3B7D2</referredTableID>
<keyObject>B6D17DAC-BBAD-80DF-FB1D-3B9F50C7738F</keyObject>
<referredKeyID>B6D17DAC-BBAD-80DF-FB1D-3B9F50C7738F</referredKeyID>
<mandatory>true</mandatory>
<refColNames>id_estado</refColNames>
<transferable>true</transferable>
<rely>false</rely>
<columnDependencyConstraintGenerateInDDL>true</columnDependencyConstraintGenerateInDDL>
</FKIndexAssociation>