<?xml version = '1.0' encoding = 'UTF-8'?>
<FKIndexAssociation class="oracle.dbtools.crest.model.design.relational.FKIndexAssociation" directorySegmentName="seg_0" id="A0D51491-A1E6-09B0-1A06-54B4F82C7004" containerWithKeyObject="89E3F781-3016-5BDB-1A7E-6D848E824C7B" localFKIndex="EEB7D95B-A583-1AFF-B9C4-0B69ADAF6E5D" name="RESERVA_ACTIVIDAD_FK">
<createdBy>GOLDEN GAMERS</createdBy>
<createdTime>2024-10-13 07:02:40 UTC</createdTime>
<ownerDesignName>modelo</ownerDesignName>
<referredTableLongName>ACTIVIDAD</referredTableLongName>
<deleteRule>NO ACTION</deleteRule>
<referredTableID>A1FBA5D0-B281-8E75-94E8-B20D7DA3808A</referredTableID>
<keyObject>463C0F95-B14D-950A-F928-B53CBCE157C9</keyObject>
<referredKeyID>463C0F95-B14D-950A-F928-B53CBCE157C9</referredKeyID>
<mandatory>true</mandatory>
<refColNames>id_activ</refColNames>
<transferable>true</transferable>
<rely>false</rely>
<columnDependencyConstraintGenerateInDDL>true</columnDependencyConstraintGenerateInDDL>
</FKIndexAssociation>