<?xml version = '1.0' encoding = 'UTF-8'?>
<FKIndexAssociation class="oracle.dbtools.crest.model.design.relational.FKIndexAssociation" directorySegmentName="seg_0" id="AC30BC05-9399-C326-B4D8-D0E93DD5F81B" containerWithKeyObject="F9F28ACA-8151-5DEE-F171-DED1EF9E03A0" localFKIndex="96019908-2BBB-6C6D-DF86-B060C2263834" name="SOLICITUD_CERTIFICADO_CERTIFICADO_FK">
<createdBy>GOLDEN GAMERS</createdBy>
<createdTime>2024-10-13 21:04:42 UTC</createdTime>
<generatorID>A97C4A7B-032E-834A-7405-607720803BB5</generatorID>
<ownerDesignName>modelo</ownerDesignName>
<referredTableLongName>CERTIFICADO</referredTableLongName>
<deleteRule>CASCADE</deleteRule>
<referredTableID>94EE4BAD-000D-A5C2-97E9-B9C4ED486B9A</referredTableID>
<keyObject>9103B1E0-0584-30C6-041D-9F1AD2E93E74</keyObject>
<referredKeyID>9103B1E0-0584-30C6-041D-9F1AD2E93E74</referredKeyID>
<mandatory>true</mandatory>
<refColNames>id_certificado</refColNames>
<transferable>true</transferable>
<rely>false</rely>
<columnDependencyConstraintGenerateInDDL>true</columnDependencyConstraintGenerateInDDL>
</FKIndexAssociation>