<?xml version = '1.0' encoding = 'UTF-8'?>
<FKIndexAssociation class="oracle.dbtools.crest.model.design.relational.FKIndexAssociation" directorySegmentName="seg_0" id="B8F3999B-5026-417E-8514-88B442847749" containerWithKeyObject="11F70772-2B15-D83B-DA9B-D92153419EBD" localFKIndex="39C2C50E-BA11-FF52-5FE4-9D35202791AB" name="CERT_CONFIRMACION_CERTIFICADO_FK">
<createdBy>GOLDEN GAMERS</createdBy>
<createdTime>2024-10-15 03:05:40 UTC</createdTime>
<generatorID>A97C4A7B-032E-834A-7405-607720803BB5</generatorID>
<ownerDesignName>modelo</ownerDesignName>
<referredTableLongName>CERTIFICADO</referredTableLongName>
<deleteRule>NO ACTION</deleteRule>
<referredTableID>94EE4BAD-000D-A5C2-97E9-B9C4ED486B9A</referredTableID>
<keyObject>9103B1E0-0584-30C6-041D-9F1AD2E93E74</keyObject>
<referredKeyID>9103B1E0-0584-30C6-041D-9F1AD2E93E74</referredKeyID>
<mandatory>true</mandatory>
<refColNames>id_certificado</refColNames>
<transferable>true</transferable>
<rely>false</rely>
<columnDependencyConstraintGenerateInDDL>true</columnDependencyConstraintGenerateInDDL>
</FKIndexAssociation>