<?xml version = '1.0' encoding = 'UTF-8'?>
<FKIndexAssociation class="oracle.dbtools.crest.model.design.relational.FKIndexAssociation" directorySegmentName="seg_0" id="C275F33C-F03B-2FA4-DEC9-0EFF0CBFDF9B" containerWithKeyObject="F9F28ACA-8151-5DEE-F171-DED1EF9E03A0" localFKIndex="FECE2D40-CF01-F926-7F84-07653C478725" name="SOLICITUD_CERTIFICADO_USUARIO_FK">
<createdBy>GOLDEN GAMERS</createdBy>
<createdTime>2024-10-14 00:24:00 UTC</createdTime>
<ownerDesignName>modelo</ownerDesignName>
<referredTableLongName>USUARIO</referredTableLongName>
<deleteRule>CASCADE</deleteRule>
<referredTableID>5CFECE5F-2C53-A355-2208-3A3B191F51E6</referredTableID>
<keyObject>798A55A6-A283-C5F1-202C-14DBE248D6C2</keyObject>
<referredKeyID>798A55A6-A283-C5F1-202C-14DBE248D6C2</referredKeyID>
<mandatory>true</mandatory>
<refColNames>id_usuario</refColNames>
<transferable>true</transferable>
<rely>false</rely>
<columnDependencyConstraintGenerateInDDL>true</columnDependencyConstraintGenerateInDDL>
</FKIndexAssociation>