<?xml version = '1.0' encoding = 'UTF-8'?>
<FKIndexAssociation class="oracle.dbtools.crest.model.design.relational.FKIndexAssociation" directorySegmentName="seg_0" id="DD730093-F0D6-89AD-065A-AA5FD552002F" containerWithKeyObject="797E8002-3F7B-1CCF-011E-A5119CA94C18" localFKIndex="6627EA71-31BF-4B1C-2E5B-C10DFBC1CDE1" name="FELIGRES_USUARIO_FK">
<createdBy>GOLDEN GAMERS</createdBy>
<createdTime>2024-10-14 23:10:51 UTC</createdTime>
<generatorID>26700392-7638-2460-36E4-8E557487B878</generatorID>
<ownerDesignName>modelo</ownerDesignName>
<referredTableLongName>USUARIO</referredTableLongName>
<deleteRule>NO ACTION</deleteRule>
<referredTableID>5CFECE5F-2C53-A355-2208-3A3B191F51E6</referredTableID>
<keyObject>798A55A6-A283-C5F1-202C-14DBE248D6C2</keyObject>
<referredKeyID>798A55A6-A283-C5F1-202C-14DBE248D6C2</referredKeyID>
<mandatory>true</mandatory>
<refColNames>id_usuario</refColNames>
<transferable>true</transferable>
<rely>false</rely>
<columnDependencyConstraintGenerateInDDL>true</columnDependencyConstraintGenerateInDDL>
</FKIndexAssociation>