<?xml version = '1.0' encoding = 'UTF-8'?>
<FKIndexAssociation class="oracle.dbtools.crest.model.design.relational.FKIndexAssociation" directorySegmentName="seg_0" id="EB14FAA5-2374-CA30-624E-E7A521E6798C" containerWithKeyObject="94EE4BAD-000D-A5C2-97E9-B9C4ED486B9A" localFKIndex="6A066C83-7A00-7A0E-9811-09AB87F15545" name="CERTIFICADO_INT_PADRINO_FK">
<createdBy>GOLDEN GAMERS</createdBy>
<createdTime>2024-10-13 07:33:42 UTC</createdTime>
<ownerDesignName>modelo</ownerDesignName>
<referredTableLongName>INT_PADRINO</referredTableLongName>
<deleteRule>NO ACTION</deleteRule>
<referredTableID>5EB6D64E-EE33-FAED-0BBE-054E34D5EFE7</referredTableID>
<keyObject>D51433A0-23DE-90C1-464A-F7D889E07286</keyObject>
<referredKeyID>D51433A0-23DE-90C1-464A-F7D889E07286</referredKeyID>
<mandatory>true</mandatory>
<refColNames>id_cert_padrino</refColNames>
<transferable>true</transferable>
<rely>false</rely>
<columnDependencyConstraintGenerateInDDL>true</columnDependencyConstraintGenerateInDDL>
</FKIndexAssociation>